BirthDate,Birdcode,Gender,City,HighSchool,Type,Level,Credits,GlobalGrade,Class
06-06-1990,5,HOMBRE,BOLÍVAR,ADMINISTRACION Y AFINES,Fiscomisional,Décimo,2,7,Acceptable
15-10-1989,5,MUJER,SARAGURO,ADMINISTRACION Y AFINES,Fiscomisional,Décimo,2,7,Acceptable
11-01-1988,5,HOMBRE,PORTOVIEJO,ADMINISTRACION Y AFINES,Fiscomisional,Décimo,2,7,Acceptable
02-01-1991,6,MUJER,CHONE,ADMINISTRACION Y AFINES,Fiscal,Décimo,4,7.11,Acceptable
25-04-1988,5,MUJER,SARAGURO,ADMINISTRACION Y AFINES,Fiscal,Décimo,4,7.16,Acceptable
01-11-1990,5,HOMBRE,BOLÍVAR,ADMINISTRACION Y AFINES,Fiscomisional,Décimo,5,7.69,Acceptable
31-05-1989,5,HOMBRE,BOLÍVAR,ADMINISTRACION Y AFINES,Fiscal,Décimo,2,7.75,Acceptable
16-04-1990,5,HOMBRE,MANTA,ADMINISTRACION Y AFINES,Fiscomisional,Décimo,5,7.78,Acceptable
25-04-1990,5,MUJER,SARAGURO,ADMINISTRACION Y AFINES,Fiscal,Décimo,2,7.79,Acceptable
16-04-1979,3,HOMBRE,CHONE,ADMINISTRACION Y AFINES,Fiscomisional,Décimo,2,7.86,Acceptable
02-04-1989,5,MUJER,SARAGURO,ADMINISTRACION Y AFINES,Fiscomisional,Décimo,2,7.88,Acceptable
11-10-1990,5,HOMBRE,SARAGURO,ADMINISTRACION Y AFINES,Fiscomisional,Décimo,4,7.89,Acceptable
06-10-1989,5,MUJER,BOLÍVAR,ADMINISTRACION Y AFINES,Fiscomisional,Décimo,4,7.89,Acceptable
07-11-1975,2,MUJER,BOLÍVAR,ADMINISTRACION Y AFINES,Fiscal,Décimo,3,9,Good
24-04-1991,6,HOMBRE,BOLÍVAR,ADMINISTRACION Y AFINES,Fiscal,Décimo,3,9.04,Excellent
24-11-1987,5,MUJER,SARAGURO,ADMINISTRACION Y AFINES,Fiscomisional,Décimo,2,9.25,Excellent
25-08-1986,5,HOMBRE,BOLÍVAR,ADMINISTRACION Y AFINES,Fiscomisional,Décimo,2,9.8,Excellent
20-01-1984,4,HOMBRE,BOLÍVAR,ADMINISTRACION Y AFINES,Fiscomisional,Décimo,2,10,Excellent
13-10-1990,5,HOMBRE,SARAGURO,AGROPECUARIA,Fiscal,Décimo,4,7.04,Acceptable
20-09-1988,5,HOMBRE,BOLÍVAR,AGROPECUARIA,Fiscal,Décimo,4,7.06,Acceptable
10-02-1986,5,HOMBRE,BOLÍVAR,AGROPECUARIA,Fiscal,Décimo,2,7.69,Acceptable
20-01-1984,4,HOMBRE,BOLÍVAR,AGROPECUARIA,Fiscal,Décimo,2,8.38,Good
01-11-1990,5,HOMBRE,BOLÍVAR,AGROPECUARIA,Fiscal,Décimo,2,8.76,Good
02-07-1987,5,HOMBRE,BOLÍVAR,AGROPECUARIA,Fiscal,Décimo,2,8.8,Good
16-04-1979,3,HOMBRE,CHONE,AGROPECUARIA,Fiscal,Décimo,2,9.1,Excellent
05-09-1987,5,HOMBRE,BOLÍVAR,AGROPECUARIA,Fiscal,Décimo,2,9.2,Excellent
10-07-1987,5,HOMBRE,SARAGURO,CIENCIAS,Fiscal,Décimo,4,7,Acceptable
07-04-1978,3,HOMBRE,SARAGURO,CIENCIAS,Particular,Décimo,5,7,Acceptable
20-09-1988,5,HOMBRE,BOLÍVAR,CIENCIAS,Particular,Décimo,4,7.08,Acceptable
08-03-1989,5,MUJER,SARAGURO,CIENCIAS,Particular,Décimo,4,7.12,Acceptable
11-10-1990,5,HOMBRE,SARAGURO,CIENCIAS,Fiscal,Décimo,2,7.41,Acceptable
06-08-1986,5,HOMBRE,CHONE,CIENCIAS,Fiscal,Décimo,4,7.43,Acceptable
19-11-1985,4,HOMBRE,TOSAGUA,CIENCIAS,Fiscal,Décimo,2,7.45,Acceptable
06-06-1990,5,HOMBRE,BOLÍVAR,CIENCIAS,Fiscal,Décimo,2,7.47,Acceptable
28-04-1989,5,MUJER,BOLÍVAR,CIENCIAS,Fiscal,Décimo,4,7.47,Acceptable
26-03-1987,5,HOMBRE,PORTOVIEJO,CIENCIAS,Fiscal,Décimo,4,7.47,Acceptable
28-06-1986,5,HOMBRE,CHONE,CIENCIAS,Fiscal,Décimo,4,7.47,Acceptable
12-04-1988,5,HOMBRE,MANTA,CIENCIAS,Fiscal,Décimo,4,7.5,Acceptable
23-10-1990,5,MUJER,CHONE,CIENCIAS,Fiscomisional,Décimo,5,7.58,Acceptable
12-04-1988,5,HOMBRE,MANTA,CIENCIAS,Fiscomisional,Décimo,5,7.58,Acceptable
15-03-1986,5,HOMBRE,SARAGURO,CIENCIAS,Fiscal,Décimo,5,7.65,Acceptable
16-03-1990,5,MUJER,SARAGURO,CIENCIAS,Fiscal,Décimo,4,7.67,Acceptable
23-09-1979,3,MUJER,SARAGURO,CIENCIAS,Fiscal,Décimo,5,7.68,Acceptable
28-01-1992,6,MUJER,SARAGURO,CIENCIAS,Fiscal,Décimo,2,7.71,Acceptable
01-06-1983,4,HOMBRE,PORTOVIEJO,CIENCIAS,Fiscal,Décimo,4,7.71,Acceptable
02-05-1990,5,MUJER,CHONE,CIENCIAS,Fiscal,Décimo,2,7.74,Acceptable
18-11-1991,6,HOMBRE,SARAGURO,CIENCIAS,Fiscal,Décimo,2,7.75,Acceptable
19-04-1991,6,MUJER,CHONE,CIENCIAS,Fiscal,Décimo,4,7.75,Acceptable
16-04-1990,5,HOMBRE,MANTA,CIENCIAS,Fiscal,Décimo,2,7.8,Acceptable
30-07-1989,5,HOMBRE,BOLÍVAR,CIENCIAS,Fiscal,Décimo,2,7.8,Acceptable
11-11-1991,6,MUJER,SARAGURO,CIENCIAS,Fiscal,Décimo,4,7.82,Acceptable
24-02-1990,5,HOMBRE,SARAGURO,CIENCIAS,Fiscal,Décimo,2,7.85,Acceptable
23-10-1990,5,MUJER,CHONE,CIENCIAS,Fiscal,Décimo,2,7.86,Acceptable
06-10-1989,5,MUJER,BOLÍVAR,CIENCIAS,Fiscal,Décimo,2,8,Good
24-04-1991,6,HOMBRE,BOLÍVAR,CIENCIAS,Fiscal,Décimo,4,8.06,Good
29-07-1988,5,MUJER,BOLÍVAR,CIENCIAS,Fiscal,Décimo,4,8.06,Good
23-10-1988,5,HOMBRE,TOSAGUA,CIENCIAS,Fiscal,Décimo,4,8.08,Good
23-10-1988,5,HOMBRE,TOSAGUA,CIENCIAS,Fiscal,Décimo,4,8.08,Good
25-12-1984,4,HOMBRE,QUEVEDO,CIENCIAS,Fiscal,Décimo,4,8.1,Good
02-02-1991,6,MUJER,SARAGURO,CIENCIAS,Fiscal,Décimo,4,8.12,Good
24-06-1990,5,HOMBRE,BOLÍVAR,CIENCIAS,Fiscal,Décimo,2,8.13,Good
31-01-1990,5,HOMBRE,BOLÍVAR,CIENCIAS,Fiscal,Décimo,4,8.13,Good
12-07-1987,5,MUJER,CHONE,CIENCIAS,Fiscal,Décimo,4,8.16,Good
03-07-1986,5,HOMBRE,SARAGURO,CIENCIAS,Fiscal,Décimo,4,8.33,Good
19-04-1991,6,MUJER,CHONE,CIENCIAS,Fiscal,Décimo,4,8.34,Good
22-04-1984,4,MUJER,BOLÍVAR,CIENCIAS,Fiscal,Décimo,4,8.35,Good
12-07-1990,5,MUJER,CHONE,CIENCIAS,Fiscal,Décimo,4,8.36,Good
04-09-1991,6,MUJER,CHONE,CIENCIAS,Fiscal,Décimo,4,8.36,Good
23-10-1988,5,HOMBRE,TOSAGUA,CIENCIAS,Fiscal,Décimo,4,8.39,Good
17-01-1989,5,MUJER,BOLÍVAR,CIENCIAS,Fiscomisional,Décimo,4,8.39,Good
18-05-1989,5,HOMBRE,BOLÍVAR,CIENCIAS,Fiscal,Décimo,4,8.4,Good
14-09-1982,4,MUJER,QUEVEDO,CIENCIAS,Fiscomisional,Décimo,4,8.42,Good
01-01-1980,3,HOMBRE,CHONE,CIENCIAS,Fiscal,Décimo,2,8.45,Good
14-02-1990,5,MUJER,SARAGURO,CIENCIAS,Fiscal,Décimo,4,8.6,Good
12-02-1990,5,MUJER,BOLÍVAR,CIENCIAS,Fiscal,Décimo,5,8.68,Good
06-01-1987,5,HOMBRE,SARAGURO,CIENCIAS,Fiscal,Décimo,5,8.7,Good
04-09-1991,6,MUJER,CHONE,CIENCIAS,Fiscal,Décimo,4,8.85,Good
28-12-1990,5,HOMBRE,BOLÍVAR,CIENCIAS,Fiscal,Décimo,3,8.92,Good
07-11-1975,2,MUJER,BOLÍVAR,CIENCIAS,Fiscal,Décimo,3,8.95,Good
31-01-1990,5,HOMBRE,BOLÍVAR,CIENCIAS,Fiscal,Décimo,3,8.99,Good
30-10-1991,6,MUJER,BOLÍVAR,CIENCIAS,Fiscal,Décimo,3,9,Good
30-07-1989,5,HOMBRE,BOLÍVAR,CIENCIAS,Fiscal,Décimo,3,9.07,Excellent
08-01-1988,5,HOMBRE,SARAGURO,CIENCIAS,Fiscal,Décimo,3,9.07,Excellent
24-07-1991,6,MUJER,BOLÍVAR,CIENCIAS,Fiscal,Décimo,3,9.12,Excellent
12-07-1987,5,MUJER,CHONE,CIENCIAS,Fiscal,Décimo,4,9.16,Excellent
08-11-1979,3,HOMBRE,JUNÍN,CIENCIAS,Fiscal,Décimo,4,9.16,Excellent
28-12-1990,5,HOMBRE,BOLÍVAR,CIENCIAS,Fiscal,Décimo,3,9.18,Excellent
28-09-1968,1,MUJER,SARAGURO,CIENCIAS,Fiscal,Décimo,3,9.23,Excellent
02-10-1982,4,HOMBRE,BOLÍVAR,CIENCIAS,Fiscal,Décimo,4,9.25,Excellent
03-05-1980,3,HOMBRE,BOLÍVAR,CIENCIAS,Fiscal,Décimo,4,9.25,Excellent
20-01-1984,4,HOMBRE,BOLÍVAR,CIENCIAS,Fiscal,Décimo,2,9.3,Excellent
07-11-1975,2,MUJER,BOLÍVAR,CIENCIAS,Fiscal,Décimo,3,9.3,Excellent
24-07-1991,6,MUJER,CHONE,CIENCIAS,Fiscomisional,Décimo,3,9.33,Excellent
24-04-1991,6,HOMBRE,BOLÍVAR,CIENCIAS,Fiscomisional,Décimo,3,9.35,Excellent
22-04-1984,4,MUJER,BOLÍVAR,CIENCIAS,Fiscal,Décimo,4,9.5,Excellent
25-11-1988,5,HOMBRE,BOLÍVAR,CIENCIAS,Fiscal,Décimo,4,9.53,Excellent
25-12-1983,4,HOMBRE,PORTOVIEJO,CIENCIAS,Fiscal,Décimo,4,9.61,Excellent
25-12-1983,4,HOMBRE,PORTOVIEJO,CIENCIAS,Fiscal,Décimo,4,9.62,Excellent
28-06-1986,5,HOMBRE,CHONE,CIENCIAS,Particular,Décimo,4,9.78,Excellent
21-06-1987,5,MUJER,BOLÍVAR,CIENCIAS,Particular,Décimo,4,9.8,Excellent
20-01-1984,4,HOMBRE,BOLÍVAR,CIENCIAS,Fiscal,Décimo,2,10,Excellent
07-11-1975,2,MUJER,BOLÍVAR,CIENCIAS,Fiscal,Décimo,3,10,Excellent
07-11-1975,2,MUJER,BOLÍVAR,CIENCIAS,Fiscal,Décimo,3,10,Excellent
10-06-1987,5,HOMBRE,SARAGURO,INFORMATICA,Fiscal,Décimo,5,7,Acceptable
15-03-1986,5,HOMBRE,SARAGURO,INFORMATICA,Fiscal,Décimo,5,7,Acceptable
21-05-1992,6,MUJER,BOLÍVAR,INFORMATICA,Fiscal,Décimo,4,7.01,Acceptable
11-11-1991,6,MUJER,SARAGURO,INFORMATICA,Fiscal,Décimo,5,7.01,Acceptable
11-10-1990,5,HOMBRE,SARAGURO,INFORMATICA,Fiscal,Décimo,2,7.02,Acceptable
10-03-1983,4,HOMBRE,SARAGURO,INFORMATICA,Fiscal,Décimo,5,7.02,Acceptable
21-04-1988,5,HOMBRE,BOLÍVAR,INFORMATICA,Particular,Décimo,2,7.03,Acceptable
21-05-1992,6,MUJER,BOLÍVAR,INFORMATICA,Fiscal,Décimo,4,7.03,Acceptable
25-04-1990,5,MUJER,SARAGURO,INFORMATICA,Fiscal,Décimo,5,7.08,Acceptable
13-08-1990,5,MUJER,BOLÍVAR,INFORMATICA,Fiscal,Décimo,3,7.12,Acceptable
04-10-1989,5,MUJER,BOLÍVAR,INFORMATICA,Fiscal,Décimo,4,7.14,Acceptable
03-07-1986,5,HOMBRE,SARAGURO,INFORMATICA,Fiscal,Décimo,4,7.14,Acceptable
01-11-1990,5,HOMBRE,BOLÍVAR,INFORMATICA,Fiscal,Décimo,5,7.29,Acceptable
15-03-1986,5,HOMBRE,SARAGURO,INFORMATICA,Fiscal,Décimo,5,7.4,Acceptable
31-05-1990,5,HOMBRE,CHONE,INFORMATICA,Fiscal,Décimo,2,7.42,Acceptable
06-02-1992,6,HOMBRE,TOSAGUA,INFORMATICA,Fiscal,Décimo,4,7.45,Acceptable
28-01-1992,6,MUJER,SARAGURO,INFORMATICA,Fiscal,Décimo,4,7.45,Acceptable
17-04-1989,5,HOMBRE,CHONE,INFORMATICA,Fiscal,Décimo,4,7.45,Acceptable
19-04-1991,6,MUJER,CHONE,INFORMATICA,Fiscal,Décimo,4,7.46,Acceptable
20-09-1988,5,HOMBRE,BOLÍVAR,INFORMATICA,Fiscal,Décimo,4,7.46,Acceptable
25-04-1988,5,MUJER,SARAGURO,INFORMATICA,Fiscal,Décimo,4,7.46,Acceptable
07-04-1978,3,HOMBRE,SARAGURO,INFORMATICA,Fiscal,Décimo,2,7.47,Acceptable
15-03-1986,5,HOMBRE,SARAGURO,INFORMATICA,Fiscal,Décimo,4,7.5,Acceptable
12-02-1990,5,MUJER,BOLÍVAR,INFORMATICA,Fiscal,Décimo,4,7.51,Acceptable
31-07-1994,6,HOMBRE,SARAGURO,INFORMATICA,Fiscal,Décimo,4,7.55,Acceptable
21-06-1987,5,MUJER,BOLÍVAR,INFORMATICA,Fiscal,Décimo,4,7.55,Acceptable
16-04-1990,5,HOMBRE,MANTA,INFORMATICA,Fiscal,Décimo,5,7.56,Acceptable
02-07-1987,5,HOMBRE,BOLÍVAR,INFORMATICA,Fiscal,Décimo,2,7.57,Acceptable
15-10-1989,5,MUJER,SARAGURO,INFORMATICA,Fiscal,Décimo,2,7.61,Acceptable
12-10-1989,5,MUJER,BOLÍVAR,INFORMATICA,Fiscal,Décimo,2,7.64,Acceptable
02-07-1987,5,HOMBRE,BOLÍVAR,INFORMATICA,Fiscal,Décimo,2,7.64,Acceptable
31-07-1994,6,HOMBRE,SARAGURO,INFORMATICA,Fiscal,Décimo,2,7.68,Acceptable
22-04-1989,5,MUJER,BOLÍVAR,INFORMATICA,Particular,Décimo,2,7.8,Acceptable
05-06-1990,5,MUJER,SARAGURO,INFORMATICA,Particular,Décimo,2,7.81,Acceptable
30-10-1988,5,MUJER,SARAGURO,INFORMATICA,Particular,Décimo,4,7.85,Acceptable
06-06-1990,5,HOMBRE,BOLÍVAR,INFORMATICA,Fiscal,Décimo,2,7.86,Acceptable
15-02-1987,5,MUJER,BOLÍVAR,INFORMATICA,Fiscal,Décimo,2,7.86,Acceptable
13-10-1990,5,HOMBRE,SARAGURO,INFORMATICA,Fiscal,Décimo,3,7.9,Acceptable
12-07-1990,5,MUJER,CHONE,INFORMATICA,Fiscal,Décimo,2,7.96,Acceptable
25-04-1990,5,MUJER,SARAGURO,INFORMATICA,Fiscal,Décimo,2,7.97,Acceptable
12-07-1990,5,MUJER,BOLÍVAR,INFORMATICA,Fiscal,Décimo,5,7.98,Acceptable
21-04-1988,5,HOMBRE,BOLÍVAR,INFORMATICA,Fiscal,Décimo,5,8,Good
30-10-1988,5,MUJER,SARAGURO,INFORMATICA,Particular,Décimo,4,8.28,Good
26-09-1974,2,MUJER,SARAGURO,INFORMATICA,Fiscal,Décimo,4,8.29,Good
26-09-1974,2,MUJER,SARAGURO,INFORMATICA,Fiscal,Décimo,4,8.3,Good
06-02-1992,6,HOMBRE,TOSAGUA,INFORMATICA,Fiscal,Décimo,5,8.3,Good
15-03-1990,5,HOMBRE,SARAGURO,INFORMATICA,Fiscal,Décimo,4,8.34,Good
29-05-1982,4,HOMBRE,VALENCIA,INFORMATICA,Fiscal,Décimo,4,8.34,Good
23-02-1992,6,HOMBRE,SARAGURO,INFORMATICA,Particular,Décimo,4,8.35,Good
02-05-1990,5,MUJER,CHONE,INFORMATICA,Particular,Décimo,4,8.35,Good
25-11-1988,5,HOMBRE,BOLÍVAR,INFORMATICA,Fiscal,Décimo,4,8.36,Good
21-06-1987,5,MUJER,BOLÍVAR,INFORMATICA,Fiscal,Décimo,4,8.38,Good
26-03-1987,5,HOMBRE,PORTOVIEJO,INFORMATICA,Fiscal,Décimo,4,8.4,Good
21-10-1982,4,HOMBRE,BOLÍVAR,INFORMATICA,Fiscal,Décimo,4,8.4,Good
21-10-1982,4,HOMBRE,BOLÍVAR,INFORMATICA,Fiscal,Décimo,4,8.4,Good
03-12-1983,4,HOMBRE,CHONE,INFORMATICA,Fiscal,Décimo,4,8.42,Good
21-04-1988,5,HOMBRE,BOLÍVAR,INFORMATICA,Fiscal,Décimo,4,8.45,Good
12-04-1988,5,HOMBRE,MANTA,INFORMATICA,Fiscal,Décimo,4,8.48,Good
29-07-1988,5,MUJER,BOLÍVAR,INFORMATICA,Fiscal,Décimo,4,8.49,Good
17-04-1989,5,HOMBRE,CHONE,INFORMATICA,Fiscal,Décimo,4,8.5,Good
13-06-1988,5,HOMBRE,YANZAZA,INFORMATICA,Fiscal,Décimo,4,8.5,Good
15-03-1986,5,HOMBRE,SARAGURO,INFORMATICA,Fiscal,Décimo,4,8.5,Good
01-06-1983,4,HOMBRE,PORTOVIEJO,INFORMATICA,Fiscal,Décimo,4,8.5,Good
19-11-1985,4,HOMBRE,TOSAGUA,INFORMATICA,Fiscal,Décimo,4,8.54,Good
02-01-1991,6,MUJER,CHONE,INFORMATICA,Fiscal,Décimo,5,8.58,Good
15-03-1990,5,HOMBRE,SARAGURO,INFORMATICA,Fiscal,Décimo,5,8.61,Good
08-03-1989,5,MUJER,SARAGURO,INFORMATICA,Particular,Décimo,4,8.65,Good
01-06-1983,4,HOMBRE,PORTOVIEJO,INFORMATICA,Fiscal,Décimo,4,8.69,Good
23-06-1989,5,HOMBRE,BOLÍVAR,INFORMATICA,Fiscal,Décimo,4,8.7,Good
06-06-1987,5,MUJER,BOLÍVAR,INFORMATICA,Fiscal,Décimo,4,8.7,Good
28-06-1986,5,HOMBRE,CHONE,INFORMATICA,Fiscal,Décimo,4,8.7,Good
01-11-1990,5,HOMBRE,BOLÍVAR,INFORMATICA,Particular,Décimo,4,8.7,Good
28-05-1985,4,MUJER,BOLÍVAR,INFORMATICA,Fiscal,Décimo,4,8.7,Good
12-04-1988,5,HOMBRE,MANTA,INFORMATICA,Fiscal,Décimo,4,8.72,Good
24-07-1991,6,MUJER,CHONE,INFORMATICA,Fiscal,Décimo,4,8.73,Good
09-03-1988,5,HOMBRE,BOLÍVAR,INFORMATICA,Fiscal,Décimo,4,8.73,Good
26-03-1987,5,HOMBRE,PORTOVIEJO,INFORMATICA,Fiscal,Décimo,4,8.74,Good
16-04-1979,3,HOMBRE,CHONE,INFORMATICA,Fiscal,Décimo,4,8.75,Good
08-01-1988,5,HOMBRE,SARAGURO,INFORMATICA,Fiscal,Décimo,4,8.77,Good
12-02-1990,5,MUJER,BOLÍVAR,INFORMATICA,Particular,Décimo,4,8.78,Good
17-04-1989,5,HOMBRE,CHONE,INFORMATICA,Particular,Décimo,4,8.78,Good
07-07-1987,5,HOMBRE,BOLÍVAR,INFORMATICA,Fiscal,Décimo,4,8.79,Good
31-05-1990,5,HOMBRE,CHONE,INFORMATICA,Fiscal,Décimo,4,8.8,Good
17-04-1989,5,HOMBRE,CHONE,INFORMATICA,Fiscal,Décimo,4,8.83,Good
25-11-1988,5,HOMBRE,BOLÍVAR,INFORMATICA,Fiscal,Décimo,4,8.83,Good
01-01-1980,3,HOMBRE,BOLÍVAR,INFORMATICA,Fiscal,Décimo,4,8.86,Good
15-10-1989,5,MUJER,SARAGURO,INFORMATICA,Fiscal,Décimo,4,8.87,Good
23-11-1984,4,HOMBRE,BOLÍVAR,INFORMATICA,Fiscal,Décimo,4,8.87,Good
17-01-1989,5,MUJER,BOLÍVAR,INFORMATICA,Fiscal,Décimo,4,8.88,Good
31-07-1994,6,HOMBRE,SARAGURO,INFORMATICA,Fiscal,Décimo,3,8.9,Good
14-02-1990,5,MUJER,SARAGURO,INFORMATICA,Fiscal,Décimo,3,8.9,Good
22-06-1989,5,MUJER,SARAGURO,INFORMATICA,Fiscal,Décimo,4,8.9,Good
22-04-1984,4,MUJER,BOLÍVAR,INFORMATICA,Fiscal,Décimo,4,8.9,Good
14-01-1990,5,HOMBRE,SARAGURO,INFORMATICA,Particular,Décimo,4,9.05,Excellent
12-04-1988,5,HOMBRE,MANTA,INFORMATICA,Particular,Décimo,4,9.05,Excellent
06-10-1989,5,MUJER,BOLÍVAR,INFORMATICA,Particular,Décimo,4,9.06,Excellent
19-03-1990,5,MUJER,SARAGURO,INFORMATICA,Fiscal,Décimo,5,9.11,Excellent
31-07-1994,6,HOMBRE,SARAGURO,INFORMATICA,Particular,Décimo,2,9.16,Excellent
02-10-1982,4,HOMBRE,BOLÍVAR,INFORMATICA,Fiscal,Décimo,4,9.17,Excellent
19-04-1991,6,MUJER,CHONE,INFORMATICA,Fiscal,Décimo,4,9.18,Excellent
13-06-1988,5,HOMBRE,YANZAZA,INFORMATICA,Fiscal,Décimo,4,9.18,Excellent
14-02-1988,5,MUJER,BOLÍVAR,INFORMATICA,Fiscal,Décimo,4,9.22,Excellent
05-09-1987,5,HOMBRE,BOLÍVAR,INFORMATICA,Fiscal,Décimo,4,9.23,Excellent
25-12-1983,4,HOMBRE,PORTOVIEJO,INFORMATICA,Fiscal,Décimo,4,9.23,Excellent
09-03-1988,5,HOMBRE,BOLÍVAR,INFORMATICA,Fiscal,Décimo,4,9.25,Excellent
06-01-1987,5,HOMBRE,SARAGURO,INFORMATICA,Fiscal,Décimo,5,9.25,Excellent
23-10-1990,5,MUJER,CHONE,INFORMATICA,Fiscal,Décimo,4,9.28,Excellent
03-05-1980,3,HOMBRE,BOLÍVAR,INFORMATICA,Fiscal,Décimo,4,9.3,Excellent
10-03-1983,4,HOMBRE,SARAGURO,INFORMATICA,Fiscal,Décimo,5,9.3,Excellent
30-10-1991,6,MUJER,BOLÍVAR,INFORMATICA,Fiscal,Décimo,5,9.31,Excellent
12-07-1990,5,MUJER,CHONE,INFORMATICA,Fiscal,Décimo,4,9.39,Excellent
28-10-1989,5,MUJER,SARAGURO,INFORMATICA,Fiscal,Décimo,4,9.4,Excellent
17-04-1989,5,HOMBRE,CHONE,INFORMATICA,Fiscal,Décimo,4,9.4,Excellent
24-04-1991,6,HOMBRE,BOLÍVAR,INFORMATICA,Fiscal,Décimo,3,9.43,Excellent
31-01-1990,5,HOMBRE,BOLÍVAR,INFORMATICA,Fiscal,Décimo,3,9.51,Excellent
31-05-1990,5,HOMBRE,CHONE,INFORMATICA,Particular,Décimo,4,9.53,Excellent
30-10-1988,5,MUJER,SARAGURO,INFORMATICA,Particular,Décimo,4,9.53,Excellent
15-03-1981,4,MUJER,BOLÍVAR,INFORMATICA,Fiscal,Décimo,5,9.53,Excellent
25-11-1988,5,HOMBRE,BOLÍVAR,INFORMATICA,Particular,Décimo,4,9.55,Excellent
23-11-1984,4,HOMBRE,BOLÍVAR,INFORMATICA,Fiscal,Décimo,4,9.55,Excellent
10-12-1988,5,HOMBRE,BOLÍVAR,INFORMATICA,Fiscal,Décimo,4,9.56,Excellent
23-11-1984,4,HOMBRE,BOLÍVAR,INFORMATICA,Particular,Décimo,4,9.56,Excellent
27-04-1976,3,MUJER,BOLÍVAR,INFORMATICA,Particular,Décimo,4,9.57,Excellent
17-08-1985,4,HOMBRE,CHONE,INFORMATICA,Particular,Décimo,4,9.6,Excellent
27-02-1987,5,MUJER,BOLÍVAR,INFORMATICA,Particular,Décimo,4,9.6,Excellent
10-02-1986,5,HOMBRE,BOLÍVAR,INFORMATICA,Particular,Décimo,4,9.6,Excellent
23-11-1982,4,HOMBRE,CHONE,INFORMATICA,Fiscal,Décimo,4,9.6,Excellent
01-01-1980,3,HOMBRE,BOLÍVAR,INFORMATICA,Fiscal,Décimo,4,9.6,Excellent
05-09-1987,5,HOMBRE,BOLÍVAR,INFORMATICA,Fiscal,Décimo,4,9.65,Excellent
30-07-1989,5,HOMBRE,BOLÍVAR,INFORMATICA,Fiscal,Décimo,4,9.69,Excellent
21-05-1992,6,MUJER,BOLÍVAR,INFORMATICA,Fiscal,Décimo,5,9.7,Excellent
24-07-1991,6,MUJER,CHONE,INFORMATICA,Fiscal,Décimo,3,9.75,Excellent
04-10-1989,5,MUJER,BOLÍVAR,INFORMATICA,Fiscal,Décimo,3,9.75,Excellent
18-08-1975,2,MUJER,BOLÍVAR,INFORMATICA,Fiscal,Décimo,3,9.83,Excellent
14-09-1982,4,MUJER,QUEVEDO,INFORMATICA,Fiscal,Décimo,4,9.9,Excellent
24-07-1991,6,MUJER,CHONE,INFORMATICA,Fiscal,Décimo,3,10,Excellent
24-07-1991,6,MUJER,CHONE,INFORMATICA,Fiscal,Décimo,3,10,Excellent
17-03-1991,6,HOMBRE,SARAGURO,INFORMATICA,Fiscal,Décimo,3,10,Excellent
10-12-1990,5,HOMBRE,SARAGURO,INFORMATICA,Fiscal,Décimo,3,10,Excellent
10-03-1989,5,HOMBRE,SARAGURO,INFORMATICA,Fiscal,Décimo,3,10,Excellent
25-04-1988,5,MUJER,SARAGURO,SECRETARIADO,Fiscal,Décimo,4,7.29,Acceptable
02-04-1989,5,MUJER,SARAGURO,SECRETARIADO,Fiscal,Décimo,4,7.39,Acceptable
24-06-1990,5,HOMBRE,BOLÍVAR,SECRETARIADO,Fiscal,Décimo,2,7.65,Acceptable
18-05-1989,5,HOMBRE,BOLÍVAR,SECRETARIADO,Fiscal,Décimo,2,7.8,Acceptable
24-02-1990,5,HOMBRE,SARAGURO,TECNICO,Fiscal,Décimo,4,7.7,Acceptable
16-05-1986,5,MUJER,BOLÍVAR,TECNICO,Fiscal,Décimo,4,7.71,Acceptable
24-11-1987,5,MUJER,SARAGURO,TECNICO,Fiscal,Décimo,2,7.81,Acceptable
25-08-1986,5,HOMBRE,BOLÍVAR,TECNICO,Fiscal,Décimo,2,7.84,Acceptable
25-11-1988,5,HOMBRE,BOLÍVAR,TECNICO,Fiscal,Décimo,4,8.17,Good
13-06-1988,5,HOMBRE,YANZAZA,TECNICO,Fiscal,Décimo,4,8.17,Good
15-03-1981,4,MUJER,BOLÍVAR,TECNICO,Fiscal,Décimo,5,9.96,Excellent
31-05-1990,5,HOMBRE,CHONE,TECNICO,Fiscal,Décimo,5,10,Excellent
05-05-1987,5,MUJER,SARAGURO,ADMINISTRACION Y AFINES,Fiscal,Noveno,3,7,Acceptable
06-10-1989,5,MUJER,BOLÍVAR,ADMINISTRACION Y AFINES,Fiscomisional,Noveno,4,7.51,Acceptable
06-07-1987,5,MUJER,BOLÍVAR,ADMINISTRACION Y AFINES,Fiscal,Noveno,2,7.93,Acceptable
02-10-1982,4,HOMBRE,BOLÍVAR,ADMINISTRACION Y AFINES,Fiscal,Noveno,2,8.13,Good
23-06-1989,5,HOMBRE,BOLÍVAR,ADMINISTRACION Y AFINES,Fiscomisional,Noveno,4,8.6,Good
06-01-1987,5,HOMBRE,SARAGURO,ADMINISTRACION Y AFINES,Fiscomisional,Noveno,4,8.66,Good
12-10-1989,5,MUJER,BOLÍVAR,ADMINISTRACION Y AFINES,Fiscomisional,Noveno,4,8.8,Good
26-03-1987,5,HOMBRE,PORTOVIEJO,ADMINISTRACION Y AFINES,Fiscal,Noveno,4,9.7,Excellent
28-11-1985,4,HOMBRE,CHONE,ADMINISTRACION Y AFINES,Fiscal,Noveno,4,9.7,Excellent
08-11-1979,3,HOMBRE,JUNÍN,ADMINISTRACION Y AFINES,Fiscal,Noveno,4,9.7,Excellent
30-10-1988,5,MUJER,SARAGURO,CIENCIAS,Fiscal,Noveno,4,7,Acceptable
12-04-1988,5,HOMBRE,MANTA,CIENCIAS,Fiscal,Noveno,4,7,Acceptable
10-09-1979,3,HOMBRE,PORTOVIEJO,CIENCIAS,Fiscal,Noveno,4,7,Acceptable
10-07-1987,5,HOMBRE,SARAGURO,CIENCIAS,Fiscal,Noveno,4,7.01,Acceptable
15-03-1986,5,HOMBRE,SARAGURO,CIENCIAS,Fiscal,Noveno,4,7.01,Acceptable
28-10-1989,5,MUJER,SARAGURO,CIENCIAS,Fiscomisional,Noveno,3,7.02,Acceptable
24-07-1991,6,MUJER,BOLÍVAR,CIENCIAS,Fiscal,Noveno,3,7.08,Acceptable
02-10-1989,5,MUJER,BOLÍVAR,CIENCIAS,Fiscal,Noveno,3,7.2,Acceptable
26-09-1974,2,MUJER,SARAGURO,CIENCIAS,Fiscal,Noveno,4,7.36,Acceptable
14-11-1990,5,HOMBRE,CHONE,CIENCIAS,Fiscal,Noveno,3,7.45,Acceptable
05-05-1987,5,MUJER,SARAGURO,CIENCIAS,Fiscal,Noveno,3,7.63,Acceptable
21-05-1992,6,MUJER,BOLÍVAR,CIENCIAS,Fiscal,Noveno,3,7.99,Acceptable
24-06-1990,5,HOMBRE,BOLÍVAR,CIENCIAS,Fiscal,Noveno,3,7.99,Acceptable
15-02-1987,5,MUJER,BOLÍVAR,CIENCIAS,Fiscal,Noveno,2,8,Good
02-07-1990,5,HOMBRE,BOLÍVAR,CIENCIAS,Fiscal,Noveno,3,8,Good
22-04-1989,5,MUJER,BOLÍVAR,CIENCIAS,Fiscal,Noveno,4,8.01,Good
20-02-1989,5,HOMBRE,CHONE,CIENCIAS,Fiscal,Noveno,2,8.03,Good
16-03-1990,5,MUJER,SARAGURO,CIENCIAS,Particular,Noveno,4,8.03,Good
17-04-1989,5,HOMBRE,CHONE,CIENCIAS,Fiscal,Noveno,4,8.04,Good
30-07-1989,5,HOMBRE,BOLÍVAR,CIENCIAS,Fiscal,Noveno,4,8.05,Good
14-02-1988,5,MUJER,BOLÍVAR,CIENCIAS,Fiscomisional,Noveno,2,8.15,Good
24-07-1991,6,MUJER,BOLÍVAR,CIENCIAS,Particular,Noveno,4,8.2,Good
02-07-1990,5,HOMBRE,BOLÍVAR,CIENCIAS,Fiscal,Noveno,2,8.21,Good
11-11-1991,6,MUJER,SARAGURO,CIENCIAS,Particular,Noveno,4,8.24,Good
12-07-1990,5,MUJER,CHONE,CIENCIAS,Fiscomisional,Noveno,2,8.34,Good
13-08-1990,5,MUJER,BOLÍVAR,CIENCIAS,Fiscomisional,Noveno,4,8.51,Good
15-10-1989,5,MUJER,SARAGURO,CIENCIAS,Fiscomisional,Noveno,4,8.52,Good
04-10-1989,5,MUJER,BOLÍVAR,CIENCIAS,Fiscomisional,Noveno,4,8.53,Good
30-10-1988,5,MUJER,SARAGURO,CIENCIAS,Particular,Noveno,4,8.53,Good
27-04-1976,3,MUJER,BOLÍVAR,CIENCIAS,Particular,Noveno,4,8.53,Good
13-08-1990,5,MUJER,BOLÍVAR,CIENCIAS,Particular,Noveno,4,8.55,Good
15-02-1987,5,MUJER,BOLÍVAR,CIENCIAS,Fiscal,Noveno,2,8.64,Good
24-11-1987,5,MUJER,SARAGURO,CIENCIAS,Fiscal,Noveno,4,8.75,Good
19-03-1990,5,MUJER,SARAGURO,CIENCIAS,Fiscal,Noveno,4,8.81,Good
28-05-1985,4,MUJER,BOLÍVAR,CIENCIAS,Fiscal,Noveno,4,8.88,Good
02-02-1991,6,MUJER,SARAGURO,CIENCIAS,Fiscal,Noveno,4,8.89,Good
10-12-1988,5,HOMBRE,BOLÍVAR,CIENCIAS,Fiscal,Noveno,4,8.89,Good
01-11-1990,5,HOMBRE,BOLÍVAR,CIENCIAS,Fiscal,Noveno,4,8.9,Good
02-01-1991,6,MUJER,CHONE,CIENCIAS,Fiscomisional,Noveno,4,9,Good
21-10-1982,4,HOMBRE,BOLÍVAR,CIENCIAS,Fiscal,Noveno,4,9.02,Excellent
21-04-1988,5,HOMBRE,BOLÍVAR,CIENCIAS,Fiscal,Noveno,4,9.03,Excellent
02-07-1990,5,HOMBRE,BOLÍVAR,CIENCIAS,Fiscal,Noveno,4,9.04,Excellent
12-10-1989,5,MUJER,BOLÍVAR,CIENCIAS,Fiscal,Noveno,4,9.09,Excellent
07-11-1975,2,MUJER,BOLÍVAR,CIENCIAS,Fiscal,Noveno,3,9.12,Excellent
19-03-1990,5,MUJER,SARAGURO,CIENCIAS,Fiscomisional,Noveno,4,9.23,Excellent
15-03-1981,4,MUJER,BOLÍVAR,CIENCIAS,Particular,Noveno,4,9.3,Excellent
30-10-1991,6,MUJER,BOLÍVAR,CIENCIAS,Particular,Noveno,4,9.31,Excellent
24-04-1991,6,HOMBRE,BOLÍVAR,CIENCIAS,Particular,Noveno,4,9.37,Excellent
12-04-1988,5,HOMBRE,MANTA,CIENCIAS,Fiscomisional,Noveno,4,9.38,Excellent
02-02-1991,6,MUJER,SARAGURO,CIENCIAS,Fiscal,Noveno,4,9.43,Excellent
19-07-1987,5,HOMBRE,CHONE,CIENCIAS,Fiscal,Noveno,4,9.5,Excellent
10-12-1988,5,HOMBRE,BOLÍVAR,CIENCIAS,Fiscal,Noveno,4,9.5,Excellent
20-10-1983,4,MUJER,QUEVEDO,CIENCIAS,Fiscal,Noveno,4,9.51,Excellent
14-02-1988,5,MUJER,BOLÍVAR,CIENCIAS,Fiscal,Noveno,4,9.79,Excellent
18-11-1991,6,HOMBRE,SARAGURO,CIENCIAS,Fiscal,Noveno,4,10,Excellent
30-10-1991,6,MUJER,BOLÍVAR,CIENCIAS,Fiscal,Noveno,4,10,Excellent
22-11-1989,5,MUJER,BOLÍVAR,CIENCIAS,Fiscal,Noveno,4,10,Excellent
28-04-1989,5,MUJER,BOLÍVAR,CIENCIAS,Fiscal,Noveno,4,10,Excellent
15-02-1989,5,MUJER,JUNÍN,INFORMATICA,Fiscal,Noveno,4,7,Acceptable
10-07-1987,5,HOMBRE,SARAGURO,INFORMATICA,Particular,Noveno,4,7,Acceptable
10-07-1987,5,HOMBRE,SARAGURO,INFORMATICA,Particular,Noveno,4,7,Acceptable
23-11-1982,4,HOMBRE,CHONE,INFORMATICA,Particular,Noveno,4,7,Acceptable
16-03-1990,5,MUJER,SARAGURO,INFORMATICA,Fiscal,Noveno,3,7.03,Acceptable
28-10-1989,5,MUJER,SARAGURO,INFORMATICA,Fiscal,Noveno,5,7.03,Acceptable
22-06-1989,5,MUJER,SARAGURO,INFORMATICA,Fiscal,Noveno,5,7.09,Acceptable
15-03-1990,5,HOMBRE,SARAGURO,INFORMATICA,Fiscal,Noveno,5,7.14,Acceptable
06-01-1987,5,HOMBRE,SARAGURO,INFORMATICA,Fiscal,Noveno,5,7.18,Acceptable
26-09-1974,2,MUJER,SARAGURO,INFORMATICA,Particular,Noveno,3,7.25,Acceptable
14-02-1990,5,MUJER,SARAGURO,INFORMATICA,Fiscal,Noveno,5,7.28,Acceptable
23-09-1979,3,MUJER,SARAGURO,INFORMATICA,Fiscal,Noveno,5,7.3,Acceptable
02-10-1989,5,MUJER,BOLÍVAR,INFORMATICA,Fiscal,Noveno,5,7.31,Acceptable
06-10-1989,5,MUJER,BOLÍVAR,INFORMATICA,Fiscal,Noveno,5,7.33,Acceptable
03-09-1985,4,HOMBRE,BOLÍVAR,INFORMATICA,Fiscal,Noveno,5,7.33,Acceptable
13-10-1990,5,HOMBRE,SARAGURO,INFORMATICA,Fiscal,Noveno,4,7.45,Acceptable
15-07-1989,5,HOMBRE,CHONE,INFORMATICA,Fiscal,Noveno,4,7.47,Acceptable
26-03-1987,5,HOMBRE,PORTOVIEJO,INFORMATICA,Fiscal,Noveno,4,7.5,Acceptable
03-07-1986,5,HOMBRE,SARAGURO,INFORMATICA,Particular,Noveno,4,7.58,Acceptable
01-06-1983,4,HOMBRE,PORTOVIEJO,INFORMATICA,Particular,Noveno,4,7.58,Acceptable
23-10-1988,5,HOMBRE,TOSAGUA,INFORMATICA,Particular,Noveno,4,7.6,Acceptable
02-07-1990,5,HOMBRE,BOLÍVAR,INFORMATICA,Fiscal,Noveno,3,7.63,Acceptable
28-11-1985,4,HOMBRE,CHONE,INFORMATICA,Fiscal,Noveno,4,7.77,Acceptable
31-05-1982,4,HOMBRE,SARAGURO,INFORMATICA,Fiscal,Noveno,4,7.78,Acceptable
15-07-1989,5,HOMBRE,CHONE,INFORMATICA,Fiscal,Noveno,4,7.8,Acceptable
23-06-1989,5,HOMBRE,BOLÍVAR,INFORMATICA,Fiscal,Noveno,4,7.8,Acceptable
24-06-1990,5,HOMBRE,BOLÍVAR,INFORMATICA,Fiscal,Noveno,4,7.84,Acceptable
25-04-1990,5,MUJER,SARAGURO,INFORMATICA,Fiscal,Noveno,2,7.85,Acceptable
12-10-1989,5,MUJER,BOLÍVAR,INFORMATICA,Fiscal,Noveno,2,7.87,Acceptable
12-02-1990,5,MUJER,BOLÍVAR,INFORMATICA,Fiscal,Noveno,4,7.87,Acceptable
30-07-1989,5,HOMBRE,BOLÍVAR,INFORMATICA,Fiscal,Noveno,4,7.87,Acceptable
07-04-1978,3,HOMBRE,SARAGURO,INFORMATICA,Fiscal,Noveno,2,7.88,Acceptable
28-12-1990,5,HOMBRE,BOLÍVAR,INFORMATICA,Fiscal,Noveno,4,7.88,Acceptable
24-07-1991,6,MUJER,BOLÍVAR,INFORMATICA,Fiscal,Noveno,4,7.9,Acceptable
13-06-1988,5,HOMBRE,YANZAZA,INFORMATICA,Fiscal,Noveno,4,7.9,Acceptable
10-03-1983,4,HOMBRE,SARAGURO,INFORMATICA,Fiscal,Noveno,4,7.9,Acceptable
23-06-1989,5,HOMBRE,BOLÍVAR,INFORMATICA,Fiscal,Noveno,4,7.9,Acceptable
29-07-1988,5,MUJER,BOLÍVAR,INFORMATICA,Fiscal,Noveno,4,7.95,Acceptable
25-04-1990,5,MUJER,SARAGURO,INFORMATICA,Fiscal,Noveno,4,7.96,Acceptable
29-07-1988,5,MUJER,BOLÍVAR,INFORMATICA,Fiscal,Noveno,4,7.97,Acceptable
13-06-1988,5,HOMBRE,YANZAZA,INFORMATICA,Fiscal,Noveno,4,7.97,Acceptable
28-01-1992,6,MUJER,SARAGURO,INFORMATICA,Fiscal,Noveno,4,7.98,Acceptable
04-09-1991,6,MUJER,CHONE,INFORMATICA,Fiscal,Noveno,4,7.98,Acceptable
03-12-1983,4,HOMBRE,CHONE,INFORMATICA,Fiscal,Noveno,4,7.98,Acceptable
31-01-1990,5,HOMBRE,BOLÍVAR,INFORMATICA,Fiscal,Noveno,4,7.99,Acceptable
12-07-1990,5,MUJER,BOLÍVAR,INFORMATICA,Fiscal,Noveno,4,8,Good
14-02-1990,5,MUJER,SARAGURO,INFORMATICA,Fiscal,Noveno,4,8,Good
04-10-1989,5,MUJER,BOLÍVAR,INFORMATICA,Fiscal,Noveno,4,8,Good
04-10-1989,5,MUJER,BOLÍVAR,INFORMATICA,Fiscal,Noveno,4,8,Good
28-04-1989,5,MUJER,BOLÍVAR,INFORMATICA,Fiscal,Noveno,4,8,Good
17-04-1989,5,HOMBRE,CHONE,INFORMATICA,Fiscal,Noveno,4,8,Good
02-04-1989,5,MUJER,SARAGURO,INFORMATICA,Fiscal,Noveno,4,8,Good
29-07-1988,5,MUJER,BOLÍVAR,INFORMATICA,Fiscal,Noveno,4,8,Good
21-04-1988,5,HOMBRE,BOLÍVAR,INFORMATICA,Fiscal,Noveno,4,8,Good
08-01-1988,5,HOMBRE,SARAGURO,INFORMATICA,Fiscal,Noveno,4,8,Good
06-06-1987,5,MUJER,BOLÍVAR,INFORMATICA,Fiscal,Noveno,4,8,Good
26-03-1987,5,HOMBRE,PORTOVIEJO,INFORMATICA,Fiscal,Noveno,4,8,Good
03-07-1986,5,HOMBRE,SARAGURO,INFORMATICA,Fiscal,Noveno,4,8,Good
28-10-1985,4,HOMBRE,SARAGURO,INFORMATICA,Particular,Noveno,4,8,Good
03-09-1985,4,HOMBRE,BOLÍVAR,INFORMATICA,Particular,Noveno,4,8,Good
03-05-1980,3,HOMBRE,BOLÍVAR,INFORMATICA,Particular,Noveno,4,8,Good
28-09-1968,1,MUJER,SARAGURO,INFORMATICA,Fiscal,Noveno,5,8.07,Good
29-05-1982,4,HOMBRE,VALENCIA,INFORMATICA,Particular,Noveno,4,8.09,Good
12-10-1989,5,MUJER,BOLÍVAR,INFORMATICA,Particular,Noveno,2,8.1,Good
14-10-1990,5,MUJER,BOLÍVAR,INFORMATICA,Particular,Noveno,4,8.1,Good
02-04-1989,5,MUJER,SARAGURO,INFORMATICA,Particular,Noveno,4,8.1,Good
15-07-1989,5,HOMBRE,CHONE,INFORMATICA,Fiscal,Noveno,4,8.2,Good
22-06-1989,5,MUJER,SARAGURO,INFORMATICA,Fiscal,Noveno,4,8.2,Good
28-05-1989,5,MUJER,BOLÍVAR,INFORMATICA,Fiscal,Noveno,4,8.2,Good
28-10-1985,4,HOMBRE,SARAGURO,INFORMATICA,Particular,Noveno,4,8.2,Good
21-10-1982,4,HOMBRE,BOLÍVAR,INFORMATICA,Particular,Noveno,4,8.2,Good
27-04-1976,3,MUJER,BOLÍVAR,INFORMATICA,Particular,Noveno,4,8.2,Good
12-07-1990,5,MUJER,BOLÍVAR,INFORMATICA,Fiscal,Noveno,5,8.2,Good
23-11-1984,4,HOMBRE,BOLÍVAR,INFORMATICA,Fiscal,Noveno,4,8.21,Good
18-08-1975,2,MUJER,BOLÍVAR,INFORMATICA,Fiscal,Noveno,3,8.22,Good
18-05-1989,5,HOMBRE,BOLÍVAR,INFORMATICA,Fiscal,Noveno,4,8.22,Good
23-10-1988,5,HOMBRE,TOSAGUA,INFORMATICA,Fiscal,Noveno,4,8.22,Good
02-10-1982,4,HOMBRE,BOLÍVAR,INFORMATICA,Fiscal,Noveno,2,8.23,Good
23-10-1990,5,MUJER,CHONE,INFORMATICA,Fiscal,Noveno,4,8.24,Good
28-01-1992,6,MUJER,SARAGURO,INFORMATICA,Fiscal,Noveno,4,8.25,Good
19-07-1987,5,HOMBRE,CHONE,INFORMATICA,Fiscal,Noveno,4,8.25,Good
27-01-1981,4,HOMBRE,SARAGURO,INFORMATICA,Fiscal,Noveno,5,8.25,Good
24-04-1991,6,HOMBRE,BOLÍVAR,INFORMATICA,Fiscal,Noveno,4,8.26,Good
23-06-1989,5,HOMBRE,BOLÍVAR,INFORMATICA,Fiscal,Noveno,4,8.26,Good
28-04-1989,5,MUJER,BOLÍVAR,INFORMATICA,Fiscal,Noveno,4,8.26,Good
18-09-1991,6,MUJER,CHONE,INFORMATICA,Fiscal,Noveno,4,8.27,Good
24-07-1991,6,MUJER,CHONE,INFORMATICA,Fiscal,Noveno,4,8.28,Good
25-04-1990,5,MUJER,SARAGURO,INFORMATICA,Fiscal,Noveno,4,8.28,Good
12-07-1990,5,MUJER,CHONE,INFORMATICA,Fiscal,Noveno,4,8.29,Good
10-03-1983,4,HOMBRE,SARAGURO,INFORMATICA,Fiscal,Noveno,4,8.29,Good
31-05-1989,5,HOMBRE,BOLÍVAR,INFORMATICA,Fiscal,Noveno,4,8.3,Good
07-07-1987,5,HOMBRE,BOLÍVAR,INFORMATICA,Fiscal,Noveno,4,8.3,Good
25-12-1984,4,HOMBRE,QUEVEDO,INFORMATICA,Fiscal,Noveno,4,8.3,Good
21-12-1980,3,HOMBRE,CHONE,INFORMATICA,Fiscal,Noveno,4,8.3,Good
10-03-1989,5,MUJER,CHONE,INFORMATICA,Fiscal,Noveno,4,8.31,Good
24-07-1991,6,MUJER,CHONE,INFORMATICA,Fiscal,Noveno,4,8.32,Good
12-07-1990,5,MUJER,CHONE,INFORMATICA,Fiscal,Noveno,4,8.32,Good
26-03-1987,5,HOMBRE,PORTOVIEJO,INFORMATICA,Particular,Noveno,4,8.32,Good
21-12-1980,3,HOMBRE,CHONE,INFORMATICA,Particular,Noveno,4,8.32,Good
19-03-1990,5,MUJER,SARAGURO,INFORMATICA,Fiscal,Noveno,4,8.32,Good
14-10-1990,5,MUJER,BOLÍVAR,INFORMATICA,Particular,Noveno,4,8.33,Good
10-07-1987,5,HOMBRE,SARAGURO,INFORMATICA,Fiscal,Noveno,4,8.42,Good
02-10-1989,5,MUJER,BOLÍVAR,INFORMATICA,Fiscal,Noveno,4,8.45,Good
22-04-1984,4,MUJER,BOLÍVAR,INFORMATICA,Fiscal,Noveno,4,8.45,Good
28-06-1986,5,HOMBRE,CHONE,INFORMATICA,Fiscal,Noveno,4,8.46,Good
19-03-1990,5,MUJER,SARAGURO,INFORMATICA,Fiscal,Noveno,4,8.5,Good
10-07-1987,5,HOMBRE,SARAGURO,INFORMATICA,Fiscal,Noveno,4,8.5,Good
15-10-1989,5,MUJER,SARAGURO,INFORMATICA,Fiscal,Noveno,5,8.5,Good
05-06-1990,5,MUJER,SARAGURO,INFORMATICA,Fiscal,Noveno,2,8.53,Good
06-02-1992,6,HOMBRE,TOSAGUA,INFORMATICA,Fiscal,Noveno,3,8.53,Good
19-03-1990,5,MUJER,SARAGURO,INFORMATICA,Fiscal,Noveno,4,8.56,Good
24-07-1991,6,MUJER,BOLÍVAR,INFORMATICA,Fiscal,Noveno,4,8.59,Good
13-08-1990,5,MUJER,BOLÍVAR,INFORMATICA,Fiscal,Noveno,3,8.67,Good
14-11-1990,5,HOMBRE,CHONE,INFORMATICA,Fiscal,Noveno,3,8.7,Good
02-10-1982,4,HOMBRE,BOLÍVAR,INFORMATICA,Fiscal,Noveno,4,8.7,Good
03-05-1980,3,HOMBRE,BOLÍVAR,INFORMATICA,Fiscal,Noveno,4,8.71,Good
23-10-1988,5,HOMBRE,TOSAGUA,INFORMATICA,Fiscal,Noveno,4,8.72,Good
19-11-1985,4,HOMBRE,TOSAGUA,INFORMATICA,Fiscal,Noveno,3,8.8,Good
07-11-1975,2,MUJER,BOLÍVAR,INFORMATICA,Fiscal,Noveno,3,8.8,Good
08-11-1979,3,HOMBRE,JUNÍN,INFORMATICA,Fiscal,Noveno,4,8.8,Good
19-04-1991,6,MUJER,CHONE,INFORMATICA,Fiscal,Noveno,5,8.81,Good
22-11-1989,5,MUJER,BOLÍVAR,INFORMATICA,Fiscal,Noveno,5,8.95,Good
22-04-1989,5,MUJER,BOLÍVAR,INFORMATICA,Fiscal,Noveno,4,9,Good
18-12-1987,5,MUJER,BOLÍVAR,INFORMATICA,Fiscal,Noveno,4,9,Good
20-10-1983,4,MUJER,QUEVEDO,INFORMATICA,Fiscal,Noveno,4,9.02,Excellent
10-02-1986,5,HOMBRE,BOLÍVAR,INFORMATICA,Fiscal,Noveno,4,9.06,Excellent
31-05-1990,5,HOMBRE,CHONE,INFORMATICA,Fiscal,Noveno,5,9.14,Excellent
12-07-1990,5,MUJER,BOLÍVAR,INFORMATICA,Fiscal,Noveno,5,9.2,Excellent
10-03-1989,5,MUJER,CHONE,INFORMATICA,Fiscal,Noveno,3,9.28,Excellent
23-06-1989,5,HOMBRE,BOLÍVAR,INFORMATICA,Fiscal,Noveno,4,9.43,Excellent
28-05-1985,4,MUJER,BOLÍVAR,INFORMATICA,Particular,Noveno,4,9.5,Excellent
28-05-1985,4,MUJER,BOLÍVAR,INFORMATICA,Fiscal,Noveno,4,9.6,Excellent
15-03-1981,4,MUJER,BOLÍVAR,INFORMATICA,Fiscal,Noveno,5,9.6,Excellent
06-07-1987,5,MUJER,BOLÍVAR,INFORMATICA,Fiscal,Noveno,4,9.64,Excellent
10-12-1988,5,HOMBRE,BOLÍVAR,INFORMATICA,Fiscal,Noveno,4,9.66,Excellent
03-12-1983,4,HOMBRE,CHONE,INFORMATICA,Fiscal,Noveno,4,9.66,Excellent
17-01-1989,5,MUJER,BOLÍVAR,INFORMATICA,Fiscal,Noveno,4,9.69,Excellent
18-12-1988,5,HOMBRE,TOSAGUA,INFORMATICA,Fiscal,Noveno,4,9.71,Excellent
17-01-1989,5,MUJER,BOLÍVAR,INFORMATICA,Fiscal,Noveno,4,9.71,Excellent
18-08-1975,2,MUJER,BOLÍVAR,INFORMATICA,Fiscal,Noveno,3,10,Excellent
22-04-1989,5,MUJER,BOLÍVAR,INFORMATICA,Fiscal,Noveno,4,10,Excellent
10-03-1989,5,HOMBRE,SARAGURO,INFORMATICA,Fiscal,Noveno,4,10,Excellent
08-01-1988,5,HOMBRE,SARAGURO,INFORMATICA,Fiscal,Noveno,4,10,Excellent
10-07-1987,5,HOMBRE,SARAGURO,INFORMATICA,Fiscal,Noveno,4,10,Excellent
19-03-1990,5,MUJER,SARAGURO,INFORMATICA,Fiscal,Noveno,5,10,Excellent
28-05-1989,5,MUJER,BOLÍVAR,SECRETARIADO,Fiscal,Noveno,4,9.7,Excellent
06-07-1987,5,MUJER,BOLÍVAR,SECRETARIADO,Fiscal,Noveno,4,9.7,Excellent
21-06-1987,5,MUJER,BOLÍVAR,SECRETARIADO,Fiscal,Noveno,4,9.7,Excellent
06-01-1987,5,HOMBRE,SARAGURO,TECNICO,Fiscal,Noveno,5,7.8,Acceptable
02-04-1989,5,MUJER,SARAGURO,TECNICO,Fiscal,Noveno,5,7.91,Acceptable
03-09-1985,4,HOMBRE,BOLÍVAR,TECNICO,Fiscal,Noveno,5,7.93,Acceptable
03-09-1985,4,HOMBRE,BOLÍVAR,TECNICO,Fiscal,Noveno,5,7.94,Acceptable
20-02-1989,5,HOMBRE,CHONE,TECNICO,Fiscal,Noveno,2,8.11,Good
16-04-1990,5,HOMBRE,MANTA,TECNICO,Fiscal,Noveno,4,9.08,Excellent
27-04-1976,3,MUJER,BOLÍVAR,TECNICO,Fiscal,Noveno,4,9.8,Excellent
23-11-1982,4,HOMBRE,CHONE,ADMINISTRACION Y AFINES,Fiscomisional,Octavo,4,8.68,Good
29-05-1982,4,HOMBRE,VALENCIA,ADMINISTRACION Y AFINES,Fiscomisional,Octavo,4,8.7,Good
14-02-1988,5,MUJER,BOLÍVAR,ADMINISTRACION Y AFINES,Fiscomisional,Octavo,4,8.8,Good
17-08-1985,4,HOMBRE,CHONE,ADMINISTRACION Y AFINES,Fiscomisional,Octavo,4,8.8,Good
21-06-1987,5,MUJER,BOLÍVAR,ADMINISTRACION Y AFINES,Fiscal,Octavo,4,9,Good
28-05-1985,4,MUJER,BOLÍVAR,ADMINISTRACION Y AFINES,Fiscal,Octavo,4,9,Good
28-05-1989,5,MUJER,BOLÍVAR,ADMINISTRACION Y AFINES,Fiscal,Octavo,4,9.03,Excellent
28-04-1989,5,MUJER,BOLÍVAR,ADMINISTRACION Y AFINES,Fiscal,Octavo,4,9.03,Excellent
19-04-1991,6,MUJER,CHONE,ADMINISTRACION Y AFINES,Fiscomisional,Octavo,4,9.92,Excellent
21-06-1987,5,MUJER,BOLÍVAR,ADMINISTRACION Y AFINES,Fiscomisional,Octavo,4,9.92,Excellent
17-08-1985,4,HOMBRE,CHONE,ADMINISTRACION Y AFINES,Fiscomisional,Octavo,4,9.96,Excellent
23-02-1992,6,HOMBRE,SARAGURO,ADMINISTRACION Y AFINES,Fiscomisional,Octavo,4,10,Excellent
19-03-1990,5,MUJER,SARAGURO,AGROPECUARIA,Fiscal,Octavo,4,7.03,Acceptable
14-10-1990,5,MUJER,BOLÍVAR,AGROPECUARIA,Fiscal,Octavo,4,7.49,Acceptable
05-07-1985,4,HOMBRE,SARAGURO,AGROPECUARIA,Fiscal,Octavo,4,7.6,Acceptable
18-09-1991,6,MUJER,CHONE,AGROPECUARIA,Fiscal,Octavo,4,8.48,Good
08-11-1979,3,HOMBRE,JUNÍN,CIENCIAS,Fiscal,Octavo,4,7,Acceptable
18-09-1991,6,MUJER,CHONE,CIENCIAS,Fiscal,Octavo,4,7,Acceptable
13-08-1990,5,MUJER,BOLÍVAR,CIENCIAS,Fiscal,Octavo,4,7,Acceptable
29-05-1982,4,HOMBRE,VALENCIA,CIENCIAS,Fiscal,Octavo,4,7,Acceptable
05-07-1985,4,HOMBRE,SARAGURO,CIENCIAS,Fiscal,Octavo,4,7,Acceptable
29-05-1982,4,HOMBRE,VALENCIA,CIENCIAS,Fiscal,Octavo,4,7,Acceptable
07-04-1978,3,HOMBRE,SARAGURO,CIENCIAS,Fiscal,Octavo,4,7,Acceptable
14-11-1990,5,HOMBRE,CHONE,CIENCIAS,Fiscal,Octavo,4,7.01,Acceptable
31-07-1994,6,HOMBRE,SARAGURO,CIENCIAS,Fiscal,Octavo,4,7.01,Acceptable
28-12-1990,5,HOMBRE,BOLÍVAR,CIENCIAS,Fiscal,Octavo,4,7.01,Acceptable
13-10-1990,5,HOMBRE,SARAGURO,CIENCIAS,Fiscal,Octavo,4,7.01,Acceptable
31-01-1990,5,HOMBRE,BOLÍVAR,CIENCIAS,Fiscal,Octavo,4,7.01,Acceptable
03-10-1985,4,HOMBRE,SARAGURO,CIENCIAS,Fiscal,Octavo,3,7.05,Acceptable
03-10-1985,4,HOMBRE,SARAGURO,CIENCIAS,Fiscal,Octavo,3,7.08,Acceptable
14-02-1990,5,MUJER,SARAGURO,CIENCIAS,Fiscal,Octavo,3,7.08,Acceptable
26-09-1974,2,MUJER,SARAGURO,CIENCIAS,Fiscal,Octavo,3,7.08,Acceptable
02-04-1991,6,HOMBRE,CHONE,CIENCIAS,Fiscal,Octavo,3,7.16,Acceptable
08-01-1988,5,HOMBRE,SARAGURO,CIENCIAS,Fiscal,Octavo,3,7.16,Acceptable
09-07-1990,5,HOMBRE,SARAGURO,CIENCIAS,Fiscal,Octavo,4,7.16,Acceptable
02-01-1991,6,MUJER,CHONE,CIENCIAS,Fiscomisional,Octavo,4,7.17,Acceptable
16-04-1990,5,HOMBRE,MANTA,CIENCIAS,Fiscal,Octavo,4,7.19,Acceptable
03-05-1980,3,HOMBRE,BOLÍVAR,CIENCIAS,Fiscal,Octavo,4,7.2,Acceptable
18-12-1988,5,HOMBRE,TOSAGUA,CIENCIAS,Fiscomisional,Octavo,4,7.25,Acceptable
18-12-1988,5,HOMBRE,TOSAGUA,CIENCIAS,Fiscomisional,Octavo,4,7.38,Acceptable
21-12-1980,3,HOMBRE,CHONE,CIENCIAS,Fiscal,Octavo,4,7.4,Acceptable
01-11-1990,5,HOMBRE,BOLÍVAR,CIENCIAS,Fiscomisional,Octavo,4,7.47,Acceptable
02-04-1991,6,HOMBRE,CHONE,CIENCIAS,Fiscal,Octavo,4,7.53,Acceptable
02-02-1991,6,MUJER,SARAGURO,CIENCIAS,Fiscal,Octavo,4,7.58,Acceptable
28-06-1986,5,HOMBRE,CHONE,CIENCIAS,Fiscal,Octavo,4,7.6,Acceptable
08-11-1979,3,HOMBRE,JUNÍN,CIENCIAS,Fiscal,Octavo,4,7.6,Acceptable
25-11-1988,5,HOMBRE,BOLÍVAR,CIENCIAS,Fiscal,Octavo,4,7.62,Acceptable
06-06-1987,5,MUJER,BOLÍVAR,CIENCIAS,Fiscal,Octavo,4,7.65,Acceptable
14-02-1990,5,MUJER,SARAGURO,CIENCIAS,Fiscal,Octavo,4,7.66,Acceptable
02-02-1991,6,MUJER,SARAGURO,CIENCIAS,Fiscomisional,Octavo,4,7.67,Acceptable
29-07-1988,5,MUJER,BOLÍVAR,CIENCIAS,Fiscomisional,Octavo,4,7.67,Acceptable
27-01-1981,4,HOMBRE,SARAGURO,CIENCIAS,Fiscomisional,Octavo,4,7.67,Acceptable
14-02-1990,5,MUJER,SARAGURO,CIENCIAS,Fiscal,Octavo,4,7.67,Acceptable
11-10-1990,5,HOMBRE,SARAGURO,CIENCIAS,Fiscomisional,Octavo,4,7.68,Acceptable
12-02-1990,5,MUJER,BOLÍVAR,CIENCIAS,Particular,Octavo,4,7.75,Acceptable
28-01-1992,6,MUJER,SARAGURO,CIENCIAS,Particular,Octavo,4,7.76,Acceptable
18-09-1991,6,MUJER,CHONE,CIENCIAS,Particular,Octavo,4,7.76,Acceptable
08-03-1989,5,MUJER,SARAGURO,CIENCIAS,Particular,Octavo,4,7.8,Acceptable
24-02-1990,5,HOMBRE,SARAGURO,CIENCIAS,Particular,Octavo,4,7.82,Acceptable
08-03-1989,5,MUJER,SARAGURO,CIENCIAS,Particular,Octavo,4,7.83,Acceptable
20-09-1988,5,HOMBRE,BOLÍVAR,CIENCIAS,Particular,Octavo,4,7.85,Acceptable
07-11-1975,2,MUJER,BOLÍVAR,CIENCIAS,Fiscal,Octavo,3,8.22,Good
12-05-1991,6,HOMBRE,SARAGURO,CIENCIAS,Fiscal,Octavo,4,8.23,Good
09-03-1988,5,HOMBRE,BOLÍVAR,CIENCIAS,Fiscal,Octavo,4,8.25,Good
14-09-1982,4,MUJER,QUEVEDO,CIENCIAS,Fiscal,Octavo,4,8.3,Good
09-03-1988,5,HOMBRE,BOLÍVAR,CIENCIAS,Fiscal,Octavo,4,8.31,Good
25-08-1986,5,HOMBRE,BOLÍVAR,CIENCIAS,Fiscal,Octavo,2,8.32,Good
24-02-1990,5,HOMBRE,SARAGURO,CIENCIAS,Fiscal,Octavo,2,8.37,Good
21-04-1988,5,HOMBRE,BOLÍVAR,CIENCIAS,Fiscal,Octavo,2,8.39,Good
24-07-1991,6,MUJER,BOLÍVAR,CIENCIAS,Fiscal,Octavo,3,8.42,Good
06-06-1990,5,HOMBRE,BOLÍVAR,CIENCIAS,Fiscal,Octavo,2,8.44,Good
16-05-1986,5,MUJER,BOLÍVAR,CIENCIAS,Fiscal,Octavo,2,8.49,Good
23-11-1984,4,HOMBRE,BOLÍVAR,CIENCIAS,Fiscal,Octavo,4,8.5,Good
06-02-1992,6,HOMBRE,TOSAGUA,CIENCIAS,Fiscal,Octavo,4,8.51,Good
25-12-1984,4,HOMBRE,QUEVEDO,CIENCIAS,Fiscal,Octavo,4,8.53,Good
21-05-1992,6,MUJER,BOLÍVAR,CIENCIAS,Fiscal,Octavo,4,8.55,Good
02-07-1987,5,HOMBRE,BOLÍVAR,CIENCIAS,Fiscal,Octavo,4,8.58,Good
06-10-1989,5,MUJER,BOLÍVAR,CIENCIAS,Fiscal,Octavo,2,8.6,Good
24-06-1990,5,HOMBRE,BOLÍVAR,CIENCIAS,Fiscal,Octavo,4,8.62,Good
16-03-1990,5,MUJER,SARAGURO,CIENCIAS,Fiscal,Octavo,3,8.63,Good
02-07-1987,5,HOMBRE,BOLÍVAR,CIENCIAS,Fiscal,Octavo,4,8.63,Good
28-05-1989,5,MUJER,BOLÍVAR,CIENCIAS,Fiscal,Octavo,2,8.65,Good
21-10-1982,4,HOMBRE,BOLÍVAR,CIENCIAS,Fiscal,Octavo,4,8.65,Good
05-09-1987,5,HOMBRE,BOLÍVAR,CIENCIAS,Fiscal,Octavo,2,8.7,Good
25-12-1984,4,HOMBRE,QUEVEDO,CIENCIAS,Fiscal,Octavo,4,8.7,Good
24-11-1987,5,MUJER,SARAGURO,CIENCIAS,Fiscal,Octavo,2,8.74,Good
22-06-1989,5,MUJER,SARAGURO,CIENCIAS,Fiscal,Octavo,2,8.77,Good
05-09-1987,5,HOMBRE,BOLÍVAR,CIENCIAS,Fiscal,Octavo,4,8.81,Good
06-07-1987,5,MUJER,BOLÍVAR,CIENCIAS,Fiscal,Octavo,2,8.82,Good
16-05-1986,5,MUJER,BOLÍVAR,CIENCIAS,Fiscal,Octavo,2,8.85,Good
25-04-1988,5,MUJER,SARAGURO,CIENCIAS,Fiscal,Octavo,4,8.85,Good
16-04-1990,5,HOMBRE,MANTA,CIENCIAS,Fiscal,Octavo,3,8.9,Good
12-07-1990,5,MUJER,BOLÍVAR,CIENCIAS,Fiscal,Octavo,4,8.93,Good
06-02-1992,6,HOMBRE,TOSAGUA,CIENCIAS,Fiscal,Octavo,4,8.98,Good
20-10-1983,4,MUJER,QUEVEDO,CIENCIAS,Fiscal,Octavo,4,8.98,Good
02-10-1982,4,HOMBRE,BOLÍVAR,CIENCIAS,Fiscal,Octavo,2,9,Good
02-07-1990,5,HOMBRE,BOLÍVAR,CIENCIAS,Fiscal,Octavo,2,9.02,Excellent
11-01-1988,5,HOMBRE,PORTOVIEJO,CIENCIAS,Fiscal,Octavo,2,9.06,Excellent
08-01-1988,5,HOMBRE,SARAGURO,CIENCIAS,Fiscal,Octavo,4,9.06,Excellent
25-04-1990,5,MUJER,SARAGURO,CIENCIAS,Fiscal,Octavo,2,9.08,Excellent
31-05-1982,4,HOMBRE,SARAGURO,CIENCIAS,Fiscal,Octavo,4,9.08,Excellent
20-02-1989,5,HOMBRE,CHONE,CIENCIAS,Fiscal,Octavo,2,9.1,Excellent
15-03-1990,5,HOMBRE,SARAGURO,CIENCIAS,Fiscal,Octavo,4,9.1,Excellent
10-12-1988,5,HOMBRE,BOLÍVAR,CIENCIAS,Fiscal,Octavo,4,9.1,Excellent
16-05-1986,5,MUJER,BOLÍVAR,CIENCIAS,Fiscal,Octavo,2,9.14,Excellent
14-02-1988,5,MUJER,BOLÍVAR,CIENCIAS,Fiscal,Octavo,4,9.2,Excellent
16-04-1979,3,HOMBRE,CHONE,CIENCIAS,Fiscal,Octavo,2,9.23,Excellent
11-01-1988,5,HOMBRE,PORTOVIEJO,CIENCIAS,Fiscal,Octavo,2,9.25,Excellent
22-04-1989,5,MUJER,BOLÍVAR,CIENCIAS,Fiscal,Octavo,2,9.29,Excellent
17-01-1987,5,HOMBRE,LA CONCORDIA,CIENCIAS,Fiscal,Octavo,2,9.3,Excellent
16-04-1979,3,HOMBRE,CHONE,CIENCIAS,Fiscal,Octavo,2,9.3,Excellent
17-01-1989,5,MUJER,BOLÍVAR,CIENCIAS,Fiscal,Octavo,4,9.3,Excellent
20-09-1988,5,HOMBRE,BOLÍVAR,CIENCIAS,Fiscal,Octavo,4,9.3,Excellent
18-12-1987,5,MUJER,BOLÍVAR,CIENCIAS,Fiscal,Octavo,4,9.3,Excellent
25-12-1984,4,HOMBRE,QUEVEDO,CIENCIAS,Fiscal,Octavo,4,9.3,Excellent
05-05-1987,5,MUJER,SARAGURO,CIENCIAS,Fiscal,Octavo,3,9.33,Excellent
20-02-1989,5,HOMBRE,CHONE,CIENCIAS,Fiscal,Octavo,2,9.38,Excellent
10-02-1986,5,HOMBRE,BOLÍVAR,CIENCIAS,Fiscal,Octavo,4,9.4,Excellent
10-02-1986,5,HOMBRE,BOLÍVAR,CIENCIAS,Fiscal,Octavo,2,9.5,Excellent
18-08-1975,2,MUJER,BOLÍVAR,CIENCIAS,Fiscal,Octavo,3,9.5,Excellent
19-11-1985,4,HOMBRE,TOSAGUA,CIENCIAS,Fiscal,Octavo,3,9.6,Excellent
28-10-1985,4,HOMBRE,SARAGURO,CIENCIAS,Fiscal,Octavo,2,9.63,Excellent
10-02-1986,5,HOMBRE,BOLÍVAR,CIENCIAS,Fiscal,Octavo,2,9.69,Excellent
12-07-1990,5,MUJER,CHONE,CIENCIAS,Fiscal,Octavo,2,9.7,Excellent
18-08-1975,2,MUJER,BOLÍVAR,CIENCIAS,Fiscal,Octavo,3,9.77,Excellent
29-05-1982,4,HOMBRE,VALENCIA,CIENCIAS,Particular,Octavo,4,9.82,Excellent
28-06-1986,5,HOMBRE,CHONE,CIENCIAS,Particular,Octavo,4,9.85,Excellent
10-12-1988,5,HOMBRE,BOLÍVAR,CIENCIAS,Particular,Octavo,4,9.86,Excellent
23-11-1984,4,HOMBRE,BOLÍVAR,CIENCIAS,Particular,Octavo,4,9.86,Excellent
10-03-1989,5,HOMBRE,SARAGURO,CIENCIAS,Fiscal,Octavo,3,10,Excellent
23-02-1992,6,HOMBRE,SARAGURO,INFORMATICA,Fiscal,Octavo,3,7,Acceptable
10-12-1990,5,HOMBRE,SARAGURO,INFORMATICA,Fiscal,Octavo,3,7,Acceptable
27-02-1987,5,MUJER,BOLÍVAR,INFORMATICA,Fiscal,Octavo,3,7,Acceptable
09-07-1990,5,HOMBRE,SARAGURO,INFORMATICA,Fiscal,Octavo,4,7,Acceptable
09-07-1990,5,HOMBRE,SARAGURO,INFORMATICA,Fiscal,Octavo,4,7,Acceptable
11-11-1991,6,MUJER,SARAGURO,INFORMATICA,Fiscal,Octavo,4,7,Acceptable
18-09-1991,6,MUJER,CHONE,INFORMATICA,Particular,Octavo,4,7,Acceptable
11-10-1990,5,HOMBRE,SARAGURO,INFORMATICA,Particular,Octavo,4,7,Acceptable
04-10-1989,5,MUJER,BOLÍVAR,INFORMATICA,Particular,Octavo,4,7,Acceptable
15-07-1989,5,HOMBRE,CHONE,INFORMATICA,Particular,Octavo,4,7,Acceptable
09-03-1988,5,HOMBRE,BOLÍVAR,INFORMATICA,Fiscal,Octavo,4,7,Acceptable
08-01-1988,5,HOMBRE,SARAGURO,INFORMATICA,Fiscal,Octavo,4,7,Acceptable
18-12-1987,5,MUJER,BOLÍVAR,INFORMATICA,Fiscal,Octavo,4,7,Acceptable
12-07-1987,5,MUJER,CHONE,INFORMATICA,Fiscal,Octavo,4,7,Acceptable
06-06-1987,5,MUJER,BOLÍVAR,INFORMATICA,Fiscal,Octavo,4,7,Acceptable
06-06-1987,5,MUJER,BOLÍVAR,INFORMATICA,Fiscal,Octavo,4,7,Acceptable
28-06-1986,5,HOMBRE,CHONE,INFORMATICA,Fiscal,Octavo,4,7,Acceptable
28-11-1985,4,HOMBRE,CHONE,INFORMATICA,Fiscal,Octavo,4,7,Acceptable
03-09-1985,4,HOMBRE,BOLÍVAR,INFORMATICA,Fiscal,Octavo,4,7,Acceptable
25-12-1983,4,HOMBRE,PORTOVIEJO,INFORMATICA,Fiscal,Octavo,4,7,Acceptable
25-12-1983,4,HOMBRE,PORTOVIEJO,INFORMATICA,Fiscal,Octavo,4,7,Acceptable
25-12-1983,4,HOMBRE,PORTOVIEJO,INFORMATICA,Fiscal,Octavo,4,7,Acceptable
23-11-1982,4,HOMBRE,CHONE,INFORMATICA,Particular,Octavo,4,7,Acceptable
31-05-1982,4,HOMBRE,SARAGURO,INFORMATICA,Particular,Octavo,4,7,Acceptable
31-05-1982,4,HOMBRE,SARAGURO,INFORMATICA,Particular,Octavo,4,7,Acceptable
29-05-1982,4,HOMBRE,VALENCIA,INFORMATICA,Particular,Octavo,4,7,Acceptable
08-11-1979,3,HOMBRE,JUNÍN,INFORMATICA,Fiscal,Octavo,4,7,Acceptable
23-09-1979,3,MUJER,SARAGURO,INFORMATICA,Fiscal,Octavo,4,7,Acceptable
27-04-1976,3,MUJER,BOLÍVAR,INFORMATICA,Fiscal,Octavo,4,7,Acceptable
26-09-1974,2,MUJER,SARAGURO,INFORMATICA,Fiscal,Octavo,4,7,Acceptable
11-01-1988,5,HOMBRE,PORTOVIEJO,INFORMATICA,Fiscal,Octavo,2,7.01,Acceptable
10-12-1990,5,HOMBRE,SARAGURO,INFORMATICA,Fiscal,Octavo,3,7.01,Acceptable
06-08-1986,5,HOMBRE,CHONE,INFORMATICA,Fiscal,Octavo,4,7.02,Acceptable
11-10-1990,5,HOMBRE,SARAGURO,INFORMATICA,Fiscal,Octavo,3,7.03,Acceptable
05-06-1990,5,MUJER,SARAGURO,INFORMATICA,Fiscal,Octavo,4,7.03,Acceptable
15-07-1989,5,HOMBRE,CHONE,INFORMATICA,Fiscal,Octavo,4,7.03,Acceptable
07-07-1987,5,HOMBRE,BOLÍVAR,INFORMATICA,Fiscal,Octavo,4,7.03,Acceptable
04-09-1991,6,MUJER,CHONE,INFORMATICA,Fiscal,Octavo,4,7.03,Acceptable
05-07-1985,4,HOMBRE,SARAGURO,INFORMATICA,Fiscal,Octavo,4,7.03,Acceptable
17-03-1991,6,HOMBRE,SARAGURO,INFORMATICA,Fiscal,Octavo,3,7.04,Acceptable
31-07-1994,6,HOMBRE,SARAGURO,INFORMATICA,Fiscal,Octavo,4,7.08,Acceptable
23-02-1992,6,HOMBRE,SARAGURO,INFORMATICA,Fiscal,Octavo,4,7.09,Acceptable
15-03-1990,5,HOMBRE,SARAGURO,INFORMATICA,Fiscal,Octavo,4,7.09,Acceptable
05-05-1987,5,MUJER,SARAGURO,INFORMATICA,Particular,Octavo,3,7.11,Acceptable
31-07-1994,6,HOMBRE,SARAGURO,INFORMATICA,Fiscal,Octavo,4,7.11,Acceptable
22-06-1989,5,MUJER,SARAGURO,INFORMATICA,Fiscal,Octavo,4,7.11,Acceptable
10-03-1989,5,HOMBRE,SARAGURO,INFORMATICA,Fiscal,Octavo,4,7.12,Acceptable
30-10-1988,5,MUJER,SARAGURO,INFORMATICA,Fiscal,Octavo,4,7.12,Acceptable
05-06-1990,5,MUJER,SARAGURO,INFORMATICA,Fiscal,Octavo,4,7.13,Acceptable
19-07-1987,5,HOMBRE,CHONE,INFORMATICA,Fiscal,Octavo,4,7.15,Acceptable
06-08-1986,5,HOMBRE,CHONE,INFORMATICA,Fiscal,Octavo,4,7.15,Acceptable
10-03-1989,5,MUJER,CHONE,INFORMATICA,Fiscal,Octavo,4,7.16,Acceptable
23-11-1984,4,HOMBRE,BOLÍVAR,INFORMATICA,Fiscal,Octavo,4,7.16,Acceptable
07-07-1987,5,HOMBRE,BOLÍVAR,INFORMATICA,Fiscal,Octavo,4,7.17,Acceptable
15-07-1989,5,HOMBRE,CHONE,INFORMATICA,Fiscal,Octavo,4,7.18,Acceptable
28-11-1985,4,HOMBRE,CHONE,INFORMATICA,Fiscal,Octavo,4,7.18,Acceptable
17-09-1970,2,MUJER,BOLÍVAR,INFORMATICA,Fiscal,Octavo,4,7.19,Acceptable
03-12-1983,4,HOMBRE,CHONE,INFORMATICA,Fiscal,Octavo,4,7.2,Acceptable
25-04-1988,5,MUJER,SARAGURO,INFORMATICA,Fiscal,Octavo,4,7.2,Acceptable
08-03-1989,5,MUJER,SARAGURO,INFORMATICA,Particular,Octavo,4,7.21,Acceptable
11-01-1988,5,HOMBRE,PORTOVIEJO,INFORMATICA,Fiscal,Octavo,2,7.22,Acceptable
27-02-1987,5,MUJER,BOLÍVAR,INFORMATICA,Particular,Octavo,4,7.24,Acceptable
21-12-1980,3,HOMBRE,CHONE,INFORMATICA,Particular,Octavo,4,7.24,Acceptable
11-11-1991,6,MUJER,SARAGURO,INFORMATICA,Fiscal,Octavo,4,7.25,Acceptable
31-05-1989,5,HOMBRE,BOLÍVAR,INFORMATICA,Fiscal,Octavo,4,7.25,Acceptable
15-02-1987,5,HOMBRE,SARAGURO,INFORMATICA,Fiscal,Octavo,4,7.25,Acceptable
28-12-1990,5,HOMBRE,BOLÍVAR,INFORMATICA,Particular,Octavo,4,7.25,Acceptable
04-10-1989,5,MUJER,BOLÍVAR,INFORMATICA,Fiscal,Octavo,4,7.25,Acceptable
12-02-1990,5,MUJER,BOLÍVAR,INFORMATICA,Fiscal,Octavo,4,7.26,Acceptable
08-01-1988,5,HOMBRE,SARAGURO,INFORMATICA,Fiscal,Octavo,4,7.26,Acceptable
18-09-1991,6,MUJER,CHONE,INFORMATICA,Fiscal,Octavo,4,7.27,Acceptable
07-07-1987,5,HOMBRE,BOLÍVAR,INFORMATICA,Fiscal,Octavo,4,7.27,Acceptable
28-05-1989,5,MUJER,BOLÍVAR,INFORMATICA,Fiscal,Octavo,4,7.28,Acceptable
14-10-1990,5,MUJER,BOLÍVAR,INFORMATICA,Particular,Octavo,3,7.3,Acceptable
06-02-1992,6,HOMBRE,TOSAGUA,INFORMATICA,Fiscal,Octavo,4,7.33,Acceptable
02-10-1982,4,HOMBRE,BOLÍVAR,INFORMATICA,Fiscal,Octavo,4,7.33,Acceptable
19-07-1987,5,HOMBRE,CHONE,INFORMATICA,Fiscal,Octavo,4,7.34,Acceptable
03-12-1983,4,HOMBRE,CHONE,INFORMATICA,Fiscal,Octavo,4,7.34,Acceptable
31-05-1990,5,HOMBRE,CHONE,INFORMATICA,Particular,Octavo,3,7.35,Acceptable
02-01-1991,6,MUJER,CHONE,INFORMATICA,Fiscal,Octavo,4,7.36,Acceptable
22-06-1989,5,MUJER,SARAGURO,INFORMATICA,Fiscal,Octavo,4,7.36,Acceptable
18-11-1991,6,HOMBRE,SARAGURO,INFORMATICA,Fiscal,Octavo,4,7.37,Acceptable
03-10-1985,4,HOMBRE,SARAGURO,INFORMATICA,Particular,Octavo,3,7.39,Acceptable
14-11-1990,5,HOMBRE,CHONE,INFORMATICA,Fiscal,Octavo,4,7.39,Acceptable
03-12-1983,4,HOMBRE,CHONE,INFORMATICA,Fiscal,Octavo,4,7.4,Acceptable
20-02-1989,5,HOMBRE,CHONE,INFORMATICA,Fiscal,Octavo,4,7.41,Acceptable
06-06-1990,5,HOMBRE,BOLÍVAR,INFORMATICA,Fiscal,Octavo,4,7.41,Acceptable
09-07-1990,5,HOMBRE,SARAGURO,INFORMATICA,Fiscal,Octavo,4,7.45,Acceptable
15-02-1987,5,HOMBRE,SARAGURO,INFORMATICA,Fiscal,Octavo,4,7.48,Acceptable
09-07-1990,5,HOMBRE,SARAGURO,INFORMATICA,Fiscal,Octavo,4,7.55,Acceptable
03-12-1983,4,HOMBRE,CHONE,INFORMATICA,Particular,Octavo,4,7.55,Acceptable
23-11-1982,4,HOMBRE,CHONE,INFORMATICA,Fiscal,Octavo,4,7.68,Acceptable
23-11-1982,4,HOMBRE,CHONE,INFORMATICA,Fiscal,Octavo,4,7.69,Acceptable
18-12-1988,5,HOMBRE,TOSAGUA,INFORMATICA,Fiscal,Octavo,4,7.7,Acceptable
25-04-1988,5,MUJER,SARAGURO,INFORMATICA,Fiscal,Octavo,4,7.7,Acceptable
23-10-1990,5,MUJER,CHONE,INFORMATICA,Fiscal,Octavo,4,7.8,Acceptable
24-06-1990,5,HOMBRE,BOLÍVAR,INFORMATICA,Fiscal,Octavo,3,7.87,Acceptable
13-08-1990,5,MUJER,BOLÍVAR,INFORMATICA,Fiscal,Octavo,4,7.89,Acceptable
18-08-1975,2,MUJER,BOLÍVAR,INFORMATICA,Fiscal,Octavo,4,7.9,Acceptable
13-08-1990,5,MUJER,BOLÍVAR,INFORMATICA,Fiscal,Octavo,4,7.92,Acceptable
18-05-1989,5,HOMBRE,BOLÍVAR,INFORMATICA,Fiscal,Octavo,4,7.94,Acceptable
02-05-1990,5,MUJER,CHONE,INFORMATICA,Fiscal,Octavo,4,7.95,Acceptable
24-11-1987,5,MUJER,SARAGURO,INFORMATICA,Fiscal,Octavo,4,7.95,Acceptable
31-05-1982,4,HOMBRE,SARAGURO,INFORMATICA,Fiscal,Octavo,4,7.95,Acceptable
03-09-1985,4,HOMBRE,BOLÍVAR,INFORMATICA,Fiscal,Octavo,4,8,Good
02-10-1989,5,MUJER,BOLÍVAR,INFORMATICA,Fiscal,Octavo,4,8,Good
08-11-1979,3,HOMBRE,JUNÍN,INFORMATICA,Fiscal,Octavo,4,8.03,Good
15-10-1989,5,MUJER,SARAGURO,INFORMATICA,Fiscal,Octavo,4,8.04,Good
06-08-1986,5,HOMBRE,CHONE,INFORMATICA,Fiscal,Octavo,4,8.05,Good
22-04-1989,5,MUJER,BOLÍVAR,INFORMATICA,Fiscal,Octavo,4,8.06,Good
02-01-1991,6,MUJER,CHONE,INFORMATICA,Particular,Octavo,3,8.07,Good
17-08-1985,4,HOMBRE,CHONE,INFORMATICA,Fiscal,Octavo,4,8.08,Good
15-02-1989,5,MUJER,JUNÍN,INFORMATICA,Fiscal,Octavo,4,8.09,Good
14-11-1990,5,HOMBRE,CHONE,INFORMATICA,Fiscal,Octavo,4,8.1,Good
14-09-1982,4,MUJER,QUEVEDO,INFORMATICA,Fiscal,Octavo,4,8.1,Good
15-02-1987,5,MUJER,BOLÍVAR,INFORMATICA,Fiscal,Octavo,2,8.2,Good
02-02-1991,6,MUJER,SARAGURO,INFORMATICA,Fiscal,Octavo,2,8.25,Good
03-12-1983,4,HOMBRE,CHONE,INFORMATICA,Fiscal,Octavo,4,8.26,Good
12-07-1990,5,MUJER,BOLÍVAR,INFORMATICA,Fiscal,Octavo,2,8.28,Good
05-06-1990,5,MUJER,SARAGURO,INFORMATICA,Fiscal,Octavo,2,8.28,Good
21-12-1980,3,HOMBRE,CHONE,INFORMATICA,Particular,Octavo,4,8.3,Good
01-01-1980,3,HOMBRE,CHONE,INFORMATICA,Fiscal,Octavo,4,8.3,Good
18-12-1987,5,MUJER,BOLÍVAR,INFORMATICA,Fiscal,Octavo,4,8.31,Good
28-11-1985,4,HOMBRE,CHONE,INFORMATICA,Fiscal,Octavo,4,8.32,Good
19-07-1987,5,HOMBRE,CHONE,INFORMATICA,Fiscal,Octavo,4,8.37,Good
01-01-1980,3,HOMBRE,CHONE,INFORMATICA,Fiscal,Octavo,4,8.4,Good
21-12-1980,3,HOMBRE,CHONE,INFORMATICA,Particular,Octavo,4,8.5,Good
01-01-1980,3,HOMBRE,CHONE,INFORMATICA,Particular,Octavo,4,8.78,Good
07-02-1985,4,HOMBRE,BOLÍVAR,INFORMATICA,Fiscal,Octavo,2,8.79,Good
17-01-1989,5,MUJER,BOLÍVAR,INFORMATICA,Particular,Octavo,4,8.79,Good
12-10-1989,5,MUJER,BOLÍVAR,INFORMATICA,Fiscal,Octavo,2,8.8,Good
24-11-1987,5,MUJER,SARAGURO,INFORMATICA,Fiscal,Octavo,2,8.8,Good
25-08-1986,5,HOMBRE,BOLÍVAR,INFORMATICA,Fiscal,Octavo,2,8.8,Good
16-04-1979,3,HOMBRE,CHONE,INFORMATICA,Fiscal,Octavo,2,8.8,Good
02-10-1989,5,MUJER,BOLÍVAR,INFORMATICA,Fiscal,Octavo,2,8.91,Good
02-05-1990,5,MUJER,CHONE,INFORMATICA,Fiscal,Octavo,4,8.94,Good
28-10-1985,4,HOMBRE,SARAGURO,INFORMATICA,Fiscal,Octavo,2,8.95,Good
30-07-1989,5,HOMBRE,BOLÍVAR,INFORMATICA,Fiscal,Octavo,4,8.95,Good
17-04-1989,5,HOMBRE,CHONE,INFORMATICA,Fiscal,Octavo,4,8.95,Good
05-07-1985,4,HOMBRE,SARAGURO,INFORMATICA,Fiscal,Octavo,4,8.96,Good
28-05-1985,4,MUJER,BOLÍVAR,INFORMATICA,Fiscal,Octavo,4,8.96,Good
14-10-1990,5,MUJER,BOLÍVAR,INFORMATICA,Fiscal,Octavo,2,8.98,Good
30-07-1989,5,HOMBRE,BOLÍVAR,INFORMATICA,Fiscal,Octavo,4,8.98,Good
02-05-1990,5,MUJER,CHONE,INFORMATICA,Fiscal,Octavo,2,9,Good
15-10-1989,5,MUJER,SARAGURO,INFORMATICA,Fiscal,Octavo,2,9,Good
14-02-1988,5,MUJER,BOLÍVAR,INFORMATICA,Fiscal,Octavo,2,9.07,Excellent
06-10-1989,5,MUJER,BOLÍVAR,INFORMATICA,Fiscal,Octavo,2,9.11,Excellent
02-10-1989,5,MUJER,BOLÍVAR,INFORMATICA,Particular,Octavo,4,9.11,Excellent
23-06-1989,5,HOMBRE,BOLÍVAR,INFORMATICA,Particular,Octavo,4,9.13,Excellent
02-04-1991,6,HOMBRE,CHONE,INFORMATICA,Particular,Octavo,4,9.15,Excellent
15-02-1987,5,MUJER,BOLÍVAR,INFORMATICA,Fiscal,Octavo,2,9.16,Excellent
15-02-1989,5,MUJER,JUNÍN,INFORMATICA,Particular,Octavo,4,9.16,Excellent
16-03-1990,5,MUJER,SARAGURO,INFORMATICA,Particular,Octavo,3,9.2,Excellent
02-10-1989,5,MUJER,BOLÍVAR,INFORMATICA,Fiscal,Octavo,2,9.21,Excellent
22-11-1989,5,MUJER,BOLÍVAR,INFORMATICA,Particular,Octavo,3,9.23,Excellent
03-07-1986,5,HOMBRE,SARAGURO,INFORMATICA,Fiscal,Octavo,4,9.28,Excellent
25-11-1988,5,HOMBRE,BOLÍVAR,INFORMATICA,Fiscal,Octavo,4,9.29,Excellent
02-10-1982,4,HOMBRE,BOLÍVAR,INFORMATICA,Fiscal,Octavo,2,9.3,Excellent
16-04-1990,5,HOMBRE,MANTA,INFORMATICA,Fiscal,Octavo,4,9.3,Excellent
10-03-1989,5,HOMBRE,SARAGURO,INFORMATICA,Fiscal,Octavo,4,9.3,Excellent
02-01-1991,6,MUJER,CHONE,INFORMATICA,Particular,Octavo,3,9.31,Excellent
16-04-1990,5,HOMBRE,MANTA,INFORMATICA,Fiscal,Octavo,4,9.33,Excellent
12-10-1989,5,MUJER,BOLÍVAR,INFORMATICA,Fiscal,Octavo,2,9.36,Excellent
15-02-1987,5,MUJER,BOLÍVAR,INFORMATICA,Fiscal,Octavo,2,9.36,Excellent
02-04-1991,6,HOMBRE,CHONE,INFORMATICA,Fiscal,Octavo,2,9.37,Excellent
07-02-1985,4,HOMBRE,BOLÍVAR,INFORMATICA,Fiscal,Octavo,2,9.38,Excellent
25-08-1986,5,HOMBRE,BOLÍVAR,INFORMATICA,Fiscal,Octavo,2,9.4,Excellent
28-09-1968,1,MUJER,SARAGURO,INFORMATICA,Fiscal,Octavo,4,9.42,Excellent
17-01-1987,5,HOMBRE,LA CONCORDIA,INFORMATICA,Fiscal,Octavo,4,9.44,Excellent
06-01-1987,5,HOMBRE,SARAGURO,INFORMATICA,Fiscal,Octavo,4,9.47,Excellent
25-11-1988,5,HOMBRE,BOLÍVAR,INFORMATICA,Fiscal,Octavo,4,9.5,Excellent
28-11-1985,4,HOMBRE,CHONE,INFORMATICA,Fiscal,Octavo,4,9.5,Excellent
11-11-1991,6,MUJER,SARAGURO,INFORMATICA,Fiscal,Octavo,3,9.55,Excellent
14-02-1988,5,MUJER,BOLÍVAR,INFORMATICA,Fiscal,Octavo,4,9.64,Excellent
14-09-1982,4,MUJER,QUEVEDO,INFORMATICA,Fiscal,Octavo,4,9.79,Excellent
18-05-1989,5,HOMBRE,BOLÍVAR,INFORMATICA,Fiscal,Octavo,4,9.8,Excellent
12-07-1987,5,MUJER,CHONE,INFORMATICA,Fiscal,Octavo,4,9.8,Excellent
12-07-1987,5,MUJER,CHONE,INFORMATICA,Fiscal,Octavo,4,9.8,Excellent
12-07-1987,5,MUJER,CHONE,INFORMATICA,Fiscal,Octavo,4,9.8,Excellent
20-10-1983,4,MUJER,QUEVEDO,INFORMATICA,Fiscal,Octavo,4,9.8,Excellent
20-10-1983,4,MUJER,QUEVEDO,INFORMATICA,Fiscal,Octavo,4,9.8,Excellent
14-09-1982,4,MUJER,QUEVEDO,INFORMATICA,Fiscal,Octavo,4,9.8,Excellent
16-05-1986,5,MUJER,BOLÍVAR,INFORMATICA,Fiscal,Octavo,4,9.8,Excellent
23-11-1982,4,HOMBRE,CHONE,INFORMATICA,Fiscal,Octavo,4,9.8,Excellent
15-03-1981,4,MUJER,BOLÍVAR,INFORMATICA,Fiscal,Octavo,4,9.81,Excellent
20-01-1984,4,HOMBRE,BOLÍVAR,INFORMATICA,Fiscal,Octavo,4,9.82,Excellent
22-04-1989,5,MUJER,BOLÍVAR,INFORMATICA,Fiscal,Octavo,4,9.82,Excellent
17-01-1987,5,HOMBRE,LA CONCORDIA,INFORMATICA,Fiscal,Octavo,4,9.87,Excellent
21-12-1980,3,HOMBRE,CHONE,INFORMATICA,Fiscal,Octavo,4,9.9,Excellent
20-09-1988,5,HOMBRE,BOLÍVAR,INFORMATICA,Fiscal,Octavo,4,9.98,Excellent
06-07-1987,5,MUJER,BOLÍVAR,INFORMATICA,Fiscal,Octavo,2,10,Excellent
01-01-1980,3,HOMBRE,CHONE,INFORMATICA,Fiscal,Octavo,2,10,Excellent
06-01-1987,5,HOMBRE,SARAGURO,INFORMATICA,Fiscal,Octavo,3,10,Excellent
20-01-1984,4,HOMBRE,BOLÍVAR,INFORMATICA,Fiscal,Octavo,4,10,Excellent
26-03-1987,5,HOMBRE,PORTOVIEJO,INFORMATICA,Fiscal,Octavo,4,10,Excellent
15-03-1981,4,MUJER,BOLÍVAR,INFORMATICA,Fiscal,Octavo,4,10,Excellent
23-06-1989,5,HOMBRE,BOLÍVAR,INFORMATICA,Fiscal,Octavo,4,10,Excellent
10-03-1989,5,MUJER,CHONE,INFORMATICA,Fiscal,Octavo,4,10,Excellent
20-10-1983,4,MUJER,QUEVEDO,INFORMATICA,Fiscal,Octavo,4,10,Excellent
14-09-1982,4,MUJER,QUEVEDO,INFORMATICA,Fiscal,Octavo,4,10,Excellent
14-09-1982,4,MUJER,QUEVEDO,INFORMATICA,Fiscal,Octavo,4,10,Excellent
15-03-1990,5,HOMBRE,SARAGURO,SECRETARIADO,Fiscal,Octavo,4,8.97,Good
15-02-1989,5,MUJER,JUNÍN,SECRETARIADO,Fiscal,Octavo,4,9,Good
29-07-1988,5,MUJER,BOLÍVAR,SECRETARIADO,Fiscal,Octavo,4,9,Good
07-07-1987,5,HOMBRE,BOLÍVAR,SECRETARIADO,Fiscal,Octavo,4,9,Good
28-10-1989,5,MUJER,SARAGURO,TECNICO,Fiscal,Octavo,4,7.4,Acceptable
28-10-1989,5,MUJER,SARAGURO,TECNICO,Fiscal,Octavo,4,8,Good
29-05-1982,4,HOMBRE,VALENCIA,TECNICO,Fiscal,Octavo,4,8.1,Good
16-05-1986,5,MUJER,BOLÍVAR,TECNICO,Fiscal,Octavo,4,8.12,Good
20-09-1988,5,HOMBRE,BOLÍVAR,TECNICO,Fiscal,Octavo,4,8.13,Good
21-10-1982,4,HOMBRE,BOLÍVAR,TECNICO,Fiscal,Octavo,4,8.18,Good
24-07-1991,6,MUJER,BOLÍVAR,ADMINISTRACION Y AFINES,Fiscal,Quinto,4,7.03,Acceptable
06-01-1987,5,HOMBRE,SARAGURO,ADMINISTRACION Y AFINES,Fiscomisional,Quinto,4,7.38,Acceptable
27-01-1981,4,HOMBRE,SARAGURO,ADMINISTRACION Y AFINES,Fiscomisional,Quinto,3,7.7,Acceptable
24-07-1991,6,MUJER,BOLÍVAR,ADMINISTRACION Y AFINES,Fiscal,Quinto,3,7.91,Acceptable
16-05-1986,5,MUJER,BOLÍVAR,ADMINISTRACION Y AFINES,Fiscal,Quinto,4,9.5,Excellent
20-02-1989,5,HOMBRE,CHONE,AGROPECUARIA,Fiscal,Quinto,2,7.23,Acceptable
09-03-1988,5,HOMBRE,BOLÍVAR,CIENCIAS,Particular,Quinto,4,7,Acceptable
06-07-1987,5,MUJER,BOLÍVAR,CIENCIAS,Fiscal,Quinto,4,7,Acceptable
28-11-1985,4,HOMBRE,CHONE,CIENCIAS,Fiscal,Quinto,4,7,Acceptable
01-06-1983,4,HOMBRE,PORTOVIEJO,CIENCIAS,Fiscal,Quinto,4,7,Acceptable
02-04-1991,6,HOMBRE,CHONE,CIENCIAS,Fiscal,Quinto,2,7.09,Acceptable
18-12-1987,5,MUJER,BOLÍVAR,CIENCIAS,Fiscal,Quinto,4,7.1,Acceptable
12-07-1990,5,MUJER,CHONE,CIENCIAS,Fiscal,Quinto,2,7.23,Acceptable
23-10-1990,5,MUJER,CHONE,CIENCIAS,Fiscal,Quinto,2,7.24,Acceptable
11-01-1988,5,HOMBRE,PORTOVIEJO,CIENCIAS,Fiscal,Quinto,2,7.3,Acceptable
02-05-1990,5,MUJER,CHONE,CIENCIAS,Fiscal,Quinto,2,7.4,Acceptable
27-01-1981,4,HOMBRE,SARAGURO,CIENCIAS,Fiscal,Quinto,3,7.7,Acceptable
13-10-1990,5,HOMBRE,SARAGURO,CIENCIAS,Fiscal,Quinto,3,8.1,Good
27-01-1981,4,HOMBRE,SARAGURO,CIENCIAS,Fiscal,Quinto,3,8.23,Good
18-09-1991,6,MUJER,CHONE,CIENCIAS,Fiscomisional,Quinto,3,8.28,Good
10-12-1990,5,HOMBRE,SARAGURO,CIENCIAS,Fiscomisional,Quinto,3,8.52,Good
27-01-1981,4,HOMBRE,SARAGURO,CIENCIAS,Fiscal,Quinto,3,8.55,Good
23-09-1979,3,MUJER,SARAGURO,CIENCIAS,Particular,Quinto,3,8.55,Good
18-05-1989,5,HOMBRE,BOLÍVAR,CIENCIAS,Particular,Quinto,3,8.57,Good
28-09-1968,1,MUJER,SARAGURO,CIENCIAS,Fiscomisional,Quinto,3,8.7,Good
27-02-1987,5,MUJER,BOLÍVAR,CIENCIAS,Fiscal,Quinto,3,8.85,Good
15-03-1990,5,HOMBRE,SARAGURO,INFORMATICA,Particular,Quinto,4,7,Acceptable
15-02-1989,5,MUJER,JUNÍN,INFORMATICA,Fiscal,Quinto,4,7,Acceptable
18-05-1989,5,HOMBRE,BOLÍVAR,INFORMATICA,Particular,Quinto,2,7.01,Acceptable
06-02-1992,6,HOMBRE,TOSAGUA,INFORMATICA,Fiscal,Quinto,4,7.01,Acceptable
03-09-1985,4,HOMBRE,BOLÍVAR,INFORMATICA,Particular,Quinto,2,7.02,Acceptable
03-09-1985,4,HOMBRE,BOLÍVAR,INFORMATICA,Fiscal,Quinto,2,7.04,Acceptable
17-01-1989,5,MUJER,BOLÍVAR,INFORMATICA,Fiscal,Quinto,4,7.16,Acceptable
05-06-1990,5,MUJER,SARAGURO,INFORMATICA,Fiscal,Quinto,2,7.24,Acceptable
19-04-1991,6,MUJER,CHONE,INFORMATICA,Fiscal,Quinto,2,7.25,Acceptable
24-02-1990,5,HOMBRE,SARAGURO,INFORMATICA,Fiscal,Quinto,2,7.31,Acceptable
18-12-1987,5,MUJER,BOLÍVAR,INFORMATICA,Fiscal,Quinto,4,7.33,Acceptable
02-07-1987,5,HOMBRE,BOLÍVAR,INFORMATICA,Fiscal,Quinto,2,7.4,Acceptable
28-01-1992,6,MUJER,SARAGURO,INFORMATICA,Fiscal,Quinto,2,7.42,Acceptable
21-04-1988,5,HOMBRE,BOLÍVAR,INFORMATICA,Fiscal,Quinto,3,7.9,Acceptable
31-01-1990,5,HOMBRE,BOLÍVAR,INFORMATICA,Fiscal,Quinto,3,7.92,Acceptable
28-05-1989,5,MUJER,BOLÍVAR,INFORMATICA,Particular,Quinto,3,7.98,Acceptable
28-10-1989,5,MUJER,SARAGURO,INFORMATICA,Particular,Quinto,3,8,Good
15-07-1989,5,HOMBRE,CHONE,INFORMATICA,Fiscal,Quinto,3,8.04,Good
24-04-1991,6,HOMBRE,BOLÍVAR,INFORMATICA,Fiscal,Quinto,3,8.05,Good
24-02-1990,5,HOMBRE,SARAGURO,INFORMATICA,Fiscal,Quinto,3,8.05,Good
28-01-1992,6,MUJER,SARAGURO,INFORMATICA,Fiscal,Quinto,3,8.12,Good
24-07-1991,6,MUJER,CHONE,INFORMATICA,Fiscal,Quinto,3,8.12,Good
02-04-1989,5,MUJER,SARAGURO,INFORMATICA,Fiscal,Quinto,3,8.13,Good
18-09-1991,6,MUJER,CHONE,INFORMATICA,Fiscal,Quinto,3,8.14,Good
11-10-1990,5,HOMBRE,SARAGURO,INFORMATICA,Particular,Quinto,3,8.15,Good
14-11-1990,5,HOMBRE,CHONE,INFORMATICA,Fiscal,Quinto,3,8.18,Good
31-01-1990,5,HOMBRE,BOLÍVAR,INFORMATICA,Fiscal,Quinto,3,8.19,Good
31-01-1990,5,HOMBRE,BOLÍVAR,INFORMATICA,Fiscal,Quinto,3,8.2,Good
03-07-1986,5,HOMBRE,SARAGURO,INFORMATICA,Fiscal,Quinto,3,8.24,Good
05-06-1990,5,MUJER,SARAGURO,INFORMATICA,Fiscal,Quinto,3,8.28,Good
12-02-1990,5,MUJER,BOLÍVAR,INFORMATICA,Fiscal,Quinto,3,8.3,Good
22-11-1989,5,MUJER,BOLÍVAR,INFORMATICA,Fiscal,Quinto,3,8.38,Good
28-04-1989,5,MUJER,BOLÍVAR,INFORMATICA,Fiscal,Quinto,3,8.41,Good
03-07-1986,5,HOMBRE,SARAGURO,INFORMATICA,Fiscal,Quinto,3,8.43,Good
05-05-1987,5,MUJER,SARAGURO,INFORMATICA,Fiscal,Quinto,3,8.45,Good
28-04-1989,5,MUJER,BOLÍVAR,INFORMATICA,Fiscal,Quinto,3,8.58,Good
14-10-1990,5,MUJER,BOLÍVAR,INFORMATICA,Particular,Quinto,3,8.6,Good
19-07-1987,5,HOMBRE,CHONE,INFORMATICA,Fiscal,Quinto,4,9.4,Excellent
22-11-1989,5,MUJER,BOLÍVAR,INFORMATICA,Fiscal,Quinto,3,9.63,Excellent
20-10-1983,4,MUJER,QUEVEDO,INFORMATICA,Fiscal,Quinto,4,10,Excellent
21-10-1982,4,HOMBRE,BOLÍVAR,SECRETARIADO,Fiscal,Quinto,4,7,Acceptable
02-05-1990,5,MUJER,CHONE,TECNICO,Fiscal,Quinto,2,7.07,Acceptable
15-02-1987,5,HOMBRE,SARAGURO,ADMINISTRACION Y AFINES,Fiscomisional,Septimo,4,7.6,Acceptable
13-10-1990,5,HOMBRE,SARAGURO,ADMINISTRACION Y AFINES,Fiscal,Septimo,4,8.01,Good
30-07-1989,5,HOMBRE,BOLÍVAR,ADMINISTRACION Y AFINES,Fiscomisional,Septimo,4,9.18,Excellent
11-11-1991,6,MUJER,SARAGURO,ADMINISTRACION Y AFINES,Fiscal,Septimo,5,10,Excellent
12-04-1988,5,HOMBRE,MANTA,ADMINISTRACION Y AFINES,Fiscal,Septimo,5,10,Excellent
13-10-1990,5,HOMBRE,SARAGURO,AGROPECUARIA,Fiscal,Septimo,3,7.26,Acceptable
12-02-1990,5,MUJER,BOLÍVAR,AGROPECUARIA,Fiscal,Septimo,3,7.47,Acceptable
28-05-1989,5,MUJER,BOLÍVAR,CIENCIAS,Particular,Septimo,4,7,Acceptable
12-07-1987,5,MUJER,CHONE,CIENCIAS,Particular,Septimo,4,7,Acceptable
22-06-1989,5,MUJER,SARAGURO,CIENCIAS,Fiscal,Septimo,3,7.22,Acceptable
30-10-1988,5,MUJER,SARAGURO,CIENCIAS,Fiscal,Septimo,3,7.25,Acceptable
08-03-1989,5,MUJER,SARAGURO,CIENCIAS,Fiscal,Septimo,2,7.33,Acceptable
15-07-1989,5,HOMBRE,CHONE,CIENCIAS,Fiscal,Septimo,3,7.36,Acceptable
26-09-1974,2,MUJER,SARAGURO,CIENCIAS,Fiscomisional,Septimo,4,7.44,Acceptable
25-04-1988,5,MUJER,SARAGURO,CIENCIAS,Fiscal,Septimo,4,7.58,Acceptable
09-07-1990,5,HOMBRE,SARAGURO,CIENCIAS,Fiscal,Septimo,4,7.65,Acceptable
02-07-1990,5,HOMBRE,BOLÍVAR,CIENCIAS,Fiscal,Septimo,4,7.7,Acceptable
25-04-1988,5,MUJER,SARAGURO,CIENCIAS,Fiscal,Septimo,4,7.7,Acceptable
11-01-1988,5,HOMBRE,PORTOVIEJO,CIENCIAS,Fiscal,Septimo,2,8,Good
13-06-1988,5,HOMBRE,YANZAZA,CIENCIAS,Fiscal,Septimo,4,8.17,Good
17-03-1991,6,HOMBRE,SARAGURO,CIENCIAS,Fiscal,Septimo,4,8.4,Good
03-10-1985,4,HOMBRE,SARAGURO,CIENCIAS,Fiscal,Septimo,3,8.55,Good
10-12-1988,5,HOMBRE,BOLÍVAR,CIENCIAS,Particular,Septimo,4,8.69,Good
10-02-1986,5,HOMBRE,BOLÍVAR,CIENCIAS,Fiscal,Septimo,2,9,Good
21-06-1987,5,MUJER,BOLÍVAR,CIENCIAS,Fiscal,Septimo,4,9.03,Excellent
03-05-1980,3,HOMBRE,BOLÍVAR,CIENCIAS,Fiscal,Septimo,4,9.03,Excellent
19-07-1987,5,HOMBRE,CHONE,CIENCIAS,Fiscomisional,Septimo,4,9.17,Excellent
09-03-1988,5,HOMBRE,BOLÍVAR,CIENCIAS,Fiscal,Septimo,4,9.44,Excellent
16-04-1979,3,HOMBRE,CHONE,CIENCIAS,Fiscal,Septimo,2,9.5,Excellent
15-02-1987,5,MUJER,BOLÍVAR,CIENCIAS,Fiscal,Septimo,2,9.6,Excellent
28-05-1985,4,MUJER,BOLÍVAR,CIENCIAS,Fiscal,Septimo,4,9.84,Excellent
22-06-1989,5,MUJER,SARAGURO,INFORMATICA,Fiscal,Septimo,4,7,Acceptable
10-07-1987,5,HOMBRE,SARAGURO,INFORMATICA,Fiscal,Septimo,4,7,Acceptable
04-10-1989,5,MUJER,BOLÍVAR,INFORMATICA,Particular,Septimo,3,7.18,Acceptable
30-10-1988,5,MUJER,SARAGURO,INFORMATICA,Fiscal,Septimo,3,7.2,Acceptable
31-05-1990,5,HOMBRE,CHONE,INFORMATICA,Fiscal,Septimo,3,7.31,Acceptable
05-05-1987,5,MUJER,SARAGURO,INFORMATICA,Fiscal,Septimo,3,7.34,Acceptable
24-04-1991,6,HOMBRE,BOLÍVAR,INFORMATICA,Fiscal,Septimo,3,7.39,Acceptable
17-08-1985,4,HOMBRE,CHONE,INFORMATICA,Fiscal,Septimo,4,7.44,Acceptable
02-10-1989,5,MUJER,BOLÍVAR,INFORMATICA,Fiscal,Septimo,2,7.47,Acceptable
24-06-1990,5,HOMBRE,BOLÍVAR,INFORMATICA,Fiscal,Septimo,4,7.47,Acceptable
22-11-1989,5,MUJER,BOLÍVAR,INFORMATICA,Fiscal,Septimo,3,7.48,Acceptable
22-04-1989,5,MUJER,BOLÍVAR,INFORMATICA,Fiscal,Septimo,4,7.5,Acceptable
18-12-1988,5,HOMBRE,TOSAGUA,INFORMATICA,Fiscal,Septimo,4,7.5,Acceptable
01-11-1990,5,HOMBRE,BOLÍVAR,INFORMATICA,Fiscal,Septimo,4,7.53,Acceptable
14-11-1990,5,HOMBRE,CHONE,INFORMATICA,Fiscal,Septimo,3,7.56,Acceptable
12-07-1990,5,MUJER,BOLÍVAR,INFORMATICA,Particular,Septimo,4,7.58,Acceptable
03-10-1985,4,HOMBRE,SARAGURO,INFORMATICA,Particular,Septimo,3,7.6,Acceptable
15-03-1990,5,HOMBRE,SARAGURO,INFORMATICA,Fiscal,Septimo,4,7.6,Acceptable
15-02-1987,5,MUJER,BOLÍVAR,INFORMATICA,Fiscal,Septimo,4,7.61,Acceptable
02-07-1990,5,HOMBRE,BOLÍVAR,INFORMATICA,Fiscal,Septimo,4,7.66,Acceptable
18-12-1988,5,HOMBRE,TOSAGUA,INFORMATICA,Fiscal,Septimo,4,7.69,Acceptable
10-03-1989,5,MUJER,CHONE,INFORMATICA,Particular,Septimo,4,7.71,Acceptable
17-03-1991,6,HOMBRE,SARAGURO,INFORMATICA,Fiscal,Septimo,4,7.75,Acceptable
15-10-1989,5,MUJER,SARAGURO,INFORMATICA,Fiscal,Septimo,4,7.75,Acceptable
06-08-1986,5,HOMBRE,CHONE,INFORMATICA,Fiscal,Septimo,4,7.8,Acceptable
02-07-1990,5,HOMBRE,BOLÍVAR,INFORMATICA,Particular,Septimo,4,7.84,Acceptable
06-06-1990,5,HOMBRE,BOLÍVAR,INFORMATICA,Fiscal,Septimo,4,7.85,Acceptable
28-11-1985,4,HOMBRE,CHONE,INFORMATICA,Particular,Septimo,4,7.88,Acceptable
06-02-1992,6,HOMBRE,TOSAGUA,INFORMATICA,Fiscal,Septimo,4,7.89,Acceptable
18-12-1987,5,MUJER,BOLÍVAR,INFORMATICA,Fiscal,Septimo,4,7.89,Acceptable
20-02-1989,5,HOMBRE,CHONE,INFORMATICA,Fiscal,Septimo,4,7.9,Acceptable
02-04-1991,6,HOMBRE,CHONE,INFORMATICA,Fiscal,Septimo,2,7.94,Acceptable
06-10-1989,5,MUJER,BOLÍVAR,INFORMATICA,Fiscal,Septimo,4,7.99,Acceptable
24-06-1990,5,HOMBRE,BOLÍVAR,INFORMATICA,Fiscal,Septimo,4,8,Good
20-09-1988,5,HOMBRE,BOLÍVAR,INFORMATICA,Fiscal,Septimo,4,8,Good
18-12-1987,5,MUJER,BOLÍVAR,INFORMATICA,Fiscal,Septimo,4,8,Good
01-01-1980,3,HOMBRE,CHONE,INFORMATICA,Fiscal,Septimo,4,8,Good
01-01-1980,3,HOMBRE,BOLÍVAR,INFORMATICA,Fiscal,Septimo,4,8.08,Good
10-03-1989,5,MUJER,CHONE,INFORMATICA,Fiscal,Septimo,4,8.2,Good
06-07-1987,5,MUJER,BOLÍVAR,INFORMATICA,Fiscal,Septimo,4,8.22,Good
18-12-1988,5,HOMBRE,TOSAGUA,INFORMATICA,Fiscal,Septimo,4,8.25,Good
23-10-1988,5,HOMBRE,TOSAGUA,INFORMATICA,Fiscal,Septimo,4,8.32,Good
16-03-1990,5,MUJER,SARAGURO,INFORMATICA,Fiscal,Septimo,3,8.33,Good
02-01-1991,6,MUJER,CHONE,INFORMATICA,Fiscal,Septimo,2,8.55,Good
23-10-1988,5,HOMBRE,TOSAGUA,INFORMATICA,Fiscal,Septimo,4,8.6,Good
10-03-1989,5,MUJER,CHONE,INFORMATICA,Fiscal,Septimo,4,8.92,Good
01-01-1980,3,HOMBRE,CHONE,INFORMATICA,Particular,Septimo,2,9.2,Excellent
13-06-1988,5,HOMBRE,YANZAZA,INFORMATICA,Fiscal,Septimo,4,9.23,Excellent
16-05-1986,5,MUJER,BOLÍVAR,INFORMATICA,Fiscal,Septimo,2,9.41,Excellent
17-01-1989,5,MUJER,BOLÍVAR,INFORMATICA,Fiscal,Septimo,4,9.45,Excellent
05-09-1987,5,HOMBRE,BOLÍVAR,INFORMATICA,Fiscal,Septimo,2,9.67,Excellent
27-02-1987,5,MUJER,BOLÍVAR,INFORMATICA,Particular,Septimo,4,9.7,Excellent
10-12-1988,5,HOMBRE,BOLÍVAR,INFORMATICA,Fiscal,Septimo,4,9.73,Excellent
28-05-1985,4,MUJER,BOLÍVAR,INFORMATICA,Fiscal,Septimo,4,9.73,Excellent
01-01-1980,3,HOMBRE,BOLÍVAR,INFORMATICA,Fiscal,Septimo,4,9.73,Excellent
28-04-1989,5,MUJER,BOLÍVAR,INFORMATICA,Fiscal,Septimo,4,9.75,Excellent
02-04-1989,5,MUJER,SARAGURO,INFORMATICA,Fiscal,Septimo,4,9.75,Excellent
03-05-1980,3,HOMBRE,BOLÍVAR,INFORMATICA,Fiscal,Septimo,4,9.75,Excellent
13-06-1988,5,HOMBRE,YANZAZA,INFORMATICA,Fiscal,Septimo,4,9.76,Excellent
12-10-1989,5,MUJER,BOLÍVAR,INFORMATICA,Fiscal,Septimo,2,9.77,Excellent
21-06-1987,5,MUJER,BOLÍVAR,INFORMATICA,Fiscal,Septimo,4,9.77,Excellent
01-01-1980,3,HOMBRE,CHONE,INFORMATICA,Fiscal,Septimo,2,9.8,Excellent
14-02-1988,5,MUJER,BOLÍVAR,INFORMATICA,Fiscal,Septimo,2,9.81,Excellent
25-12-1983,4,HOMBRE,PORTOVIEJO,INFORMATICA,Fiscal,Septimo,4,9.88,Excellent
17-08-1985,4,HOMBRE,CHONE,INFORMATICA,Fiscal,Septimo,4,9.89,Excellent
01-06-1983,4,HOMBRE,PORTOVIEJO,INFORMATICA,Fiscal,Septimo,4,9.9,Excellent
01-01-1980,3,HOMBRE,BOLÍVAR,INFORMATICA,Fiscal,Septimo,4,9.9,Excellent
24-11-1987,5,MUJER,SARAGURO,INFORMATICA,Fiscal,Septimo,2,10,Excellent
15-03-1981,4,MUJER,BOLÍVAR,INFORMATICA,Fiscal,Septimo,4,10,Excellent
01-01-1980,3,HOMBRE,BOLÍVAR,INFORMATICA,Fiscal,Septimo,4,10,Excellent
01-01-1980,3,HOMBRE,BOLÍVAR,INFORMATICA,Fiscal,Septimo,4,10,Excellent
27-04-1976,3,MUJER,BOLÍVAR,SECRETARIADO,Fiscal,Septimo,4,8,Good
26-09-1974,2,MUJER,SARAGURO,TECNICO,Fiscal,Septimo,3,7.21,Acceptable
09-07-1990,5,HOMBRE,SARAGURO,TECNICO,Fiscal,Septimo,4,7.78,Acceptable
17-08-1985,4,HOMBRE,CHONE,TECNICO,Fiscal,Septimo,4,10,Excellent
17-08-1985,4,HOMBRE,CHONE,TECNICO,Fiscal,Septimo,4,10,Excellent
22-04-1984,4,MUJER,BOLÍVAR,TECNICO,Fiscal,Septimo,4,10,Excellent
20-10-1983,4,MUJER,QUEVEDO,TECNICO,Fiscal,Septimo,4,10,Excellent
06-06-1987,5,MUJER,BOLÍVAR,ADMINISTRACION Y AFINES,Fiscal,Sexto,4,7.03,Acceptable
05-07-1985,4,HOMBRE,SARAGURO,ADMINISTRACION Y AFINES,Fiscal,Sexto,5,7.04,Acceptable
31-05-1982,4,HOMBRE,SARAGURO,ADMINISTRACION Y AFINES,Fiscal,Sexto,5,7.32,Acceptable
06-08-1986,5,HOMBRE,CHONE,ADMINISTRACION Y AFINES,Fiscomisional,Sexto,4,7.5,Acceptable
10-03-1989,5,MUJER,CHONE,ADMINISTRACION Y AFINES,Fiscomisional,Sexto,3,7.59,Acceptable
04-09-1991,6,MUJER,CHONE,ADMINISTRACION Y AFINES,Fiscal,Sexto,5,7.82,Acceptable
01-06-1983,4,HOMBRE,PORTOVIEJO,ADMINISTRACION Y AFINES,Fiscomisional,Sexto,4,8.42,Good
16-04-1979,3,HOMBRE,CHONE,AGROPECUARIA,Fiscal,Sexto,2,10,Excellent
07-07-1987,5,HOMBRE,BOLÍVAR,CIENCIAS,Fiscal,Sexto,4,7,Acceptable
14-10-1990,5,MUJER,BOLÍVAR,CIENCIAS,Fiscal,Sexto,3,7.01,Acceptable
23-09-1979,3,MUJER,SARAGURO,CIENCIAS,Fiscal,Sexto,4,7.07,Acceptable
15-02-1989,5,MUJER,JUNÍN,CIENCIAS,Fiscal,Sexto,4,7.39,Acceptable
29-07-1988,5,MUJER,BOLÍVAR,CIENCIAS,Particular,Sexto,4,7.4,Acceptable
06-08-1986,5,HOMBRE,CHONE,CIENCIAS,Fiscomisional,Sexto,4,7.42,Acceptable
02-05-1990,5,MUJER,CHONE,CIENCIAS,Fiscal,Sexto,4,7.47,Acceptable
18-08-1975,2,MUJER,BOLÍVAR,CIENCIAS,Fiscal,Sexto,3,7.6,Acceptable
14-10-1990,5,MUJER,BOLÍVAR,CIENCIAS,Fiscal,Sexto,3,7.61,Acceptable
12-07-1990,5,MUJER,BOLÍVAR,CIENCIAS,Fiscal,Sexto,3,7.62,Acceptable
06-07-1987,5,MUJER,BOLÍVAR,CIENCIAS,Fiscal,Sexto,2,7.8,Acceptable
22-11-1989,5,MUJER,BOLÍVAR,CIENCIAS,Fiscal,Sexto,3,7.9,Acceptable
15-02-1989,5,MUJER,JUNÍN,CIENCIAS,Particular,Sexto,4,8,Good
15-02-1989,5,MUJER,JUNÍN,CIENCIAS,Fiscal,Sexto,4,8,Good
19-11-1985,4,HOMBRE,TOSAGUA,CIENCIAS,Fiscal,Sexto,2,8.29,Good
28-06-1986,5,HOMBRE,CHONE,CIENCIAS,Fiscal,Sexto,4,8.43,Good
28-10-1989,5,MUJER,SARAGURO,CIENCIAS,Fiscal,Sexto,3,8.68,Good
10-02-1986,5,HOMBRE,BOLÍVAR,CIENCIAS,Fiscal,Sexto,4,8.81,Good
22-04-1984,4,MUJER,BOLÍVAR,CIENCIAS,Fiscomisional,Sexto,4,9.4,Excellent
25-12-1984,4,HOMBRE,QUEVEDO,CIENCIAS,Fiscal,Sexto,4,10,Excellent
25-12-1984,4,HOMBRE,QUEVEDO,CIENCIAS,Particular,Sexto,4,10,Excellent
11-10-1990,5,HOMBRE,SARAGURO,INFORMATICA,Particular,Sexto,2,7,Acceptable
02-04-1989,5,MUJER,SARAGURO,INFORMATICA,Fiscal,Sexto,4,7,Acceptable
12-07-1987,5,MUJER,CHONE,INFORMATICA,Particular,Sexto,4,7,Acceptable
02-02-1991,6,MUJER,SARAGURO,INFORMATICA,Fiscal,Sexto,4,7.11,Acceptable
13-08-1990,5,MUJER,BOLÍVAR,INFORMATICA,Fiscal,Sexto,3,7.2,Acceptable
18-12-1988,5,HOMBRE,TOSAGUA,INFORMATICA,Fiscal,Sexto,4,7.42,Acceptable
02-04-1991,6,HOMBRE,CHONE,INFORMATICA,Fiscal,Sexto,4,7.43,Acceptable
24-11-1987,5,MUJER,SARAGURO,INFORMATICA,Fiscal,Sexto,4,7.43,Acceptable
14-02-1990,5,MUJER,SARAGURO,INFORMATICA,Fiscal,Sexto,4,7.44,Acceptable
05-07-1985,4,HOMBRE,SARAGURO,INFORMATICA,Fiscal,Sexto,3,7.62,Acceptable
28-12-1990,5,HOMBRE,BOLÍVAR,INFORMATICA,Fiscal,Sexto,3,7.65,Acceptable
05-06-1990,5,MUJER,SARAGURO,INFORMATICA,Fiscal,Sexto,4,7.7,Acceptable
14-11-1990,5,HOMBRE,CHONE,INFORMATICA,Fiscal,Sexto,3,7.73,Acceptable
31-07-1994,6,HOMBRE,SARAGURO,INFORMATICA,Fiscal,Sexto,3,7.74,Acceptable
01-01-1980,3,HOMBRE,BOLÍVAR,INFORMATICA,Fiscal,Sexto,4,8,Good
06-06-1987,5,MUJER,BOLÍVAR,INFORMATICA,Fiscal,Sexto,4,8.1,Good
25-08-1986,5,HOMBRE,BOLÍVAR,INFORMATICA,Fiscal,Sexto,2,8.17,Good
10-12-1990,5,HOMBRE,SARAGURO,INFORMATICA,Fiscal,Sexto,3,8.4,Good
15-02-1987,5,HOMBRE,SARAGURO,INFORMATICA,Particular,Sexto,4,8.4,Good
23-11-1982,4,HOMBRE,CHONE,INFORMATICA,Fiscal,Sexto,4,8.5,Good
21-10-1982,4,HOMBRE,BOLÍVAR,INFORMATICA,Fiscal,Sexto,4,8.5,Good
02-04-1991,6,HOMBRE,CHONE,INFORMATICA,Fiscal,Sexto,4,8.51,Good
19-07-1987,5,HOMBRE,CHONE,INFORMATICA,Fiscal,Sexto,4,8.57,Good
19-11-1985,4,HOMBRE,TOSAGUA,INFORMATICA,Fiscal,Sexto,4,8.57,Good
04-09-1991,6,MUJER,CHONE,INFORMATICA,Fiscal,Sexto,4,8.59,Good
03-07-1986,5,HOMBRE,SARAGURO,INFORMATICA,Fiscal,Sexto,4,8.59,Good
02-07-1987,5,HOMBRE,BOLÍVAR,INFORMATICA,Fiscal,Sexto,4,8.6,Good
20-01-1984,4,HOMBRE,BOLÍVAR,INFORMATICA,Particular,Sexto,4,8.6,Good
27-04-1976,3,MUJER,BOLÍVAR,INFORMATICA,Fiscal,Sexto,4,8.6,Good
08-11-1979,3,HOMBRE,JUNÍN,INFORMATICA,Fiscal,Sexto,4,8.62,Good
10-12-1990,5,HOMBRE,SARAGURO,INFORMATICA,Fiscal,Sexto,3,8.63,Good
27-01-1981,4,HOMBRE,SARAGURO,INFORMATICA,Fiscal,Sexto,4,8.63,Good
25-08-1986,5,HOMBRE,BOLÍVAR,INFORMATICA,Particular,Sexto,4,8.66,Good
22-11-1989,5,MUJER,BOLÍVAR,INFORMATICA,Fiscal,Sexto,4,8.67,Good
22-04-1984,4,MUJER,BOLÍVAR,INFORMATICA,Fiscal,Sexto,4,8.67,Good
20-02-1989,5,HOMBRE,CHONE,INFORMATICA,Fiscal,Sexto,4,8.68,Good
23-10-1990,5,MUJER,CHONE,INFORMATICA,Fiscal,Sexto,4,8.68,Good
20-01-1984,4,HOMBRE,BOLÍVAR,INFORMATICA,Fiscal,Sexto,4,8.7,Good
16-03-1990,5,MUJER,SARAGURO,INFORMATICA,Fiscal,Sexto,4,8.78,Good
18-08-1975,2,MUJER,BOLÍVAR,INFORMATICA,Fiscal,Sexto,3,8.8,Good
04-09-1991,6,MUJER,CHONE,INFORMATICA,Fiscal,Sexto,4,8.83,Good
16-03-1990,5,MUJER,SARAGURO,INFORMATICA,Fiscal,Sexto,4,8.85,Good
23-11-1984,4,HOMBRE,BOLÍVAR,INFORMATICA,Fiscal,Sexto,4,8.99,Good
05-09-1987,5,HOMBRE,BOLÍVAR,INFORMATICA,Fiscal,Sexto,4,9,Good
04-09-1991,6,MUJER,CHONE,INFORMATICA,Particular,Sexto,4,9.05,Excellent
06-08-1986,5,HOMBRE,CHONE,INFORMATICA,Fiscal,Sexto,4,9.06,Excellent
03-05-1980,3,HOMBRE,BOLÍVAR,INFORMATICA,Fiscal,Sexto,4,9.26,Excellent
17-01-1987,5,HOMBRE,LA CONCORDIA,INFORMATICA,Particular,Sexto,2,9.57,Excellent
19-04-1991,6,MUJER,CHONE,INFORMATICA,Fiscal,Sexto,4,9.6,Excellent
17-03-1991,6,HOMBRE,SARAGURO,INFORMATICA,Fiscal,Sexto,4,9.6,Excellent
02-07-1987,5,HOMBRE,BOLÍVAR,INFORMATICA,Fiscal,Sexto,4,9.6,Excellent
05-09-1987,5,HOMBRE,BOLÍVAR,INFORMATICA,Particular,Sexto,2,9.7,Excellent
31-05-1989,5,HOMBRE,BOLÍVAR,INFORMATICA,Fiscal,Sexto,3,10,Excellent
25-12-1984,4,HOMBRE,QUEVEDO,INFORMATICA,Fiscal,Sexto,4,10,Excellent
22-04-1984,4,MUJER,BOLÍVAR,INFORMATICA,Fiscal,Sexto,4,10,Excellent
11-03-1991,6,HOMBRE,SARAGURO,SECRETARIADO,Fiscal,Sexto,4,7.43,Acceptable
05-05-1987,5,MUJER,SARAGURO,TECNICO,Fiscal,Sexto,3,7.65,Acceptable
06-06-1987,5,MUJER,BOLÍVAR,TECNICO,Fiscal,Sexto,4,8.8,Good
27-04-1976,3,MUJER,BOLÍVAR,TECNICO,Fiscal,Sexto,4,8.8,Good
01-11-1990,5,HOMBRE,BOLÍVAR,TECNICO,Fiscal,Sexto,4,8.81,Good
25-08-1986,5,HOMBRE,BOLÍVAR,TECNICO,Fiscal,Sexto,2,9.2,Excellent
